capture_id,capture_group_id,role,binary_label,browser,tool,resolver,csv_archive,csv_entry,csv_candidate_entries,csv_pair_mode,pcap_path,pcap_sha256,pcap_size_bytes,archive_name,archive_sha256,archive_member,member_crc32,member_size_bytes,relative_path,w84_historical_role,w71_historical_role,w71_locked_test_member,w282_w285_overlap,freshness_scope,alignment_only_fields_enter_detector_input
w287-benign-3b00aacb1f4997e512,w287-benign-3b00aacb1f4997e512,independent_robustness_acceptance,benign,chrome,,cloudflare,data/raw/DoHBrw/auxiliary_csv_archives/CSVs/BenignDoH-NonDoH-CSVs.zip,CSVs/Chrome/Separate/dump_00003_20200113182754.df1632.csv,[],official_exact_stem,data/raw/DoHBrw/pcap/_w84_staged_official_archives/BenignDoH_NonDoH-Chrome-Cloudflare/Cloudflare/dump_00003_20200113182754.pcap,25e21d6a2435fdfddda9e0241cf4d3a5f8ac1155eed1d8a39db6d6f9007f8302,1000000317,,,,,1000000317,_w84_staged_official_archives/BenignDoH_NonDoH-Chrome-Cloudflare/Cloudflare/dump_00003_20200113182754.pcap,calibration,train,False,False,model_fresh_for_w284_not_globally_history_fresh,False
w287-benign-34f789a94e7c8dde40,w287-benign-34f789a94e7c8dde40,independent_robustness_acceptance,benign,chrome,,cloudflare,data/raw/DoHBrw/auxiliary_csv_archives/CSVs/BenignDoH-NonDoH-CSVs.zip,CSVs/Chrome/Separate/dump_00005_20200113205730.4a72d7.csv,[],official_exact_stem,data/raw/DoHBrw/pcap/_w84_staged_official_archives/BenignDoH_NonDoH-Chrome-Cloudflare/Cloudflare/dump_00005_20200113205730.pcap,413b63e7db1c35b4918b1e4fe5e07999aace2c685895816250711fc2bfd82cb2,1000001080,,,,,1000001080,_w84_staged_official_archives/BenignDoH_NonDoH-Chrome-Cloudflare/Cloudflare/dump_00005_20200113205730.pcap,selection,train,False,False,model_fresh_for_w284_not_globally_history_fresh,False
w287-benign-e37bc927e6a33bd0ef,w287-benign-e37bc927e6a33bd0ef,independent_robustness_acceptance,benign,chrome,,cloudflare,data/raw/DoHBrw/auxiliary_csv_archives/CSVs/BenignDoH-NonDoH-CSVs.zip,CSVs/Chrome/Separate/dump_00002_20200113162614.325f51.csv,[],official_exact_stem,data/raw/DoHBrw/pcap/_w84_staged_official_archives/BenignDoH_NonDoH-Chrome-Cloudflare/Cloudflare/dump_00002_20200113162614.pcap,7c4b5cbfe5de1fd3d5d4e573f905b12f45c41d9ff837e728fa242d35306ffbc1,1000000571,,,,,1000000571,_w84_staged_official_archives/BenignDoH_NonDoH-Chrome-Cloudflare/Cloudflare/dump_00002_20200113162614.pcap,train,train,False,False,model_fresh_for_w284_not_globally_history_fresh,False
w287-benign-1eb1edbcdc5db3165f,w287-benign-1eb1edbcdc5db3165f,independent_robustness_acceptance,benign,chrome,,cloudflare,data/raw/DoHBrw/auxiliary_csv_archives/CSVs/BenignDoH-NonDoH-CSVs.zip,CSVs/Chrome/Separate/dump_00004_20200113193921.586656.csv,[],official_exact_stem,data/raw/DoHBrw/pcap/_w84_staged_official_archives/BenignDoH_NonDoH-Chrome-Cloudflare/Cloudflare/dump_00004_20200113193921.pcap,b6a45766fa44d4df5f18aaf16bfaeb089925dfff4b471ac3a0d6fb3b79217077,1000000215,,,,,1000000215,_w84_staged_official_archives/BenignDoH_NonDoH-Chrome-Cloudflare/Cloudflare/dump_00004_20200113193921.pcap,train,train,False,False,model_fresh_for_w284_not_globally_history_fresh,False
w287-malicious-3ee8cf43768add4d67,w287-malicious-3ee8cf43768add4d67,independent_robustness_acceptance,malicious,,dnscat2,adguard,data/raw/DoHBrw/auxiliary_csv_archives/CSVs/MaliciousDoH-CSVs.zip,CSVs/dnscat2/Separate/dsncat2_default-tunnel_dnsadguardcom_doh5_2020-03-29T08:13:08.483518.csv,[],official_exact_stem,data/raw/DoHBrw/pcap/_w287_independent_robustness/MaliciousDoH-dnscat2-Pcap-1202_1802/dsncat2_default-tunnel_dnsadguardcom_doh5_2020-03-29T08_13_08.483518.pcap,,28010,MaliciousDoH-dnscat2-Pcap-1202_1802.zip,b97d7ac6d3dd7e65ff7c7610c3a95fff80664ba0e4e2ab25fcb62d15069388fa,dsncat2_default-tunnel_dnsadguardcom_doh5_2020-03-29T08:13:08.483518.pcap,2bbd0c01,28010,MaliciousDoH-dnscat2-Pcap-1202_1802.zip/dsncat2_default-tunnel_dnsadguardcom_doh5_2020-03-29T08:13:08.483518.pcap,,not_historically_consumed,False,False,globally_fresh_archive_member,False
w287-malicious-f96a2598a7eccb483b,w287-malicious-f96a2598a7eccb483b,independent_robustness_acceptance,malicious,,dnscat2,adguard,data/raw/DoHBrw/auxiliary_csv_archives/CSVs/MaliciousDoH-CSVs.zip,CSVs/dnscat2/Separate/dsncat2_default-tunnel_dnsadguardcom_doh4_2020-03-29T09:08:30.093100.csv,[],official_exact_stem,data/raw/DoHBrw/pcap/_w287_independent_robustness/MaliciousDoH-dnscat2-Pcap-1202_1802/dsncat2_default-tunnel_dnsadguardcom_doh4_2020-03-29T09_08_30.093100.pcap,,27672,MaliciousDoH-dnscat2-Pcap-1202_1802.zip,b97d7ac6d3dd7e65ff7c7610c3a95fff80664ba0e4e2ab25fcb62d15069388fa,dsncat2_default-tunnel_dnsadguardcom_doh4_2020-03-29T09:08:30.093100.pcap,a0f1366d,27672,MaliciousDoH-dnscat2-Pcap-1202_1802.zip/dsncat2_default-tunnel_dnsadguardcom_doh4_2020-03-29T09:08:30.093100.pcap,,not_historically_consumed,False,False,globally_fresh_archive_member,False
w287-malicious-c867f2131253b25d78,w287-malicious-c867f2131253b25d78,independent_robustness_acceptance,malicious,,dnscat2,adguard,data/raw/DoHBrw/auxiliary_csv_archives/CSVs/MaliciousDoH-CSVs.zip,CSVs/dnscat2/Separate/dsncat2_default-tunnel_dnsadguardcom_doh1_2020-03-28T22:05:46.847497.csv,[],official_exact_stem,data/raw/DoHBrw/pcap/_w287_independent_robustness/MaliciousDoH-dnscat2-Pcap-1202_1802/dsncat2_default-tunnel_dnsadguardcom_doh1_2020-03-28T22_05_46.847497.pcap,,2117512,MaliciousDoH-dnscat2-Pcap-1202_1802.zip,b97d7ac6d3dd7e65ff7c7610c3a95fff80664ba0e4e2ab25fcb62d15069388fa,dsncat2_default-tunnel_dnsadguardcom_doh1_2020-03-28T22:05:46.847497.pcap,b8cbc7a4,2117512,MaliciousDoH-dnscat2-Pcap-1202_1802.zip/dsncat2_default-tunnel_dnsadguardcom_doh1_2020-03-28T22:05:46.847497.pcap,,not_historically_consumed,False,False,globally_fresh_archive_member,False
w287-malicious-cf9a7a957f5c4794ae,w287-malicious-cf9a7a957f5c4794ae,independent_robustness_acceptance,malicious,,dnscat2,adguard,data/raw/DoHBrw/auxiliary_csv_archives/CSVs/MaliciousDoH-CSVs.zip,CSVs/dnscat2/Separate/dsncat2_default-tunnel_dnsadguardcom_doh4_2020-03-28T07:48:42.169254.csv,[],official_exact_stem,data/raw/DoHBrw/pcap/_w287_independent_robustness/MaliciousDoH-dnscat2-Pcap-1202_1802/dsncat2_default-tunnel_dnsadguardcom_doh4_2020-03-28T07_48_42.169254.pcap,,27870,MaliciousDoH-dnscat2-Pcap-1202_1802.zip,b97d7ac6d3dd7e65ff7c7610c3a95fff80664ba0e4e2ab25fcb62d15069388fa,dsncat2_default-tunnel_dnsadguardcom_doh4_2020-03-28T07:48:42.169254.pcap,0296d500,27870,MaliciousDoH-dnscat2-Pcap-1202_1802.zip/dsncat2_default-tunnel_dnsadguardcom_doh4_2020-03-28T07:48:42.169254.pcap,,not_historically_consumed,False,False,globally_fresh_archive_member,False
w287-malicious-21b80027173e8ce92e,w287-malicious-21b80027173e8ce92e,independent_robustness_acceptance,malicious,,dnscat2,adguard,data/raw/DoHBrw/auxiliary_csv_archives/CSVs/MaliciousDoH-CSVs.zip,CSVs/dnscat2/Separate/dsncat2_default-tunnel_dnsadguardcom_doh4_2020-03-29T08:40:49.930357.csv,[],official_exact_stem,data/raw/DoHBrw/pcap/_w287_independent_robustness/MaliciousDoH-dnscat2-Pcap-1202_1802/dsncat2_default-tunnel_dnsadguardcom_doh4_2020-03-29T08_40_49.930357.pcap,,27676,MaliciousDoH-dnscat2-Pcap-1202_1802.zip,b97d7ac6d3dd7e65ff7c7610c3a95fff80664ba0e4e2ab25fcb62d15069388fa,dsncat2_default-tunnel_dnsadguardcom_doh4_2020-03-29T08:40:49.930357.pcap,b2b2a421,27676,MaliciousDoH-dnscat2-Pcap-1202_1802.zip/dsncat2_default-tunnel_dnsadguardcom_doh4_2020-03-29T08:40:49.930357.pcap,,not_historically_consumed,False,False,globally_fresh_archive_member,False
w287-malicious-8990f1477615c2793e,w287-malicious-8990f1477615c2793e,independent_robustness_acceptance,malicious,,dnscat2,adguard,data/raw/DoHBrw/auxiliary_csv_archives/CSVs/MaliciousDoH-CSVs.zip,CSVs/dnscat2/Separate/dsncat2_default-tunnel_dnsadguardcom_doh1_2020-03-29T10:03:44.873989.csv,[],official_exact_stem,data/raw/DoHBrw/pcap/_w287_independent_robustness/MaliciousDoH-dnscat2-Pcap-1202_1802/dsncat2_default-tunnel_dnsadguardcom_doh1_2020-03-29T10_03_44.873989.pcap,,750008,MaliciousDoH-dnscat2-Pcap-1202_1802.zip,b97d7ac6d3dd7e65ff7c7610c3a95fff80664ba0e4e2ab25fcb62d15069388fa,dsncat2_default-tunnel_dnsadguardcom_doh1_2020-03-29T10:03:44.873989.pcap,21c2b754,750008,MaliciousDoH-dnscat2-Pcap-1202_1802.zip/dsncat2_default-tunnel_dnsadguardcom_doh1_2020-03-29T10:03:44.873989.pcap,,not_historically_consumed,False,False,globally_fresh_archive_member,False
w287-malicious-fb3557380352d1698a,w287-malicious-fb3557380352d1698a,independent_robustness_acceptance,malicious,,dnscat2,adguard,data/raw/DoHBrw/auxiliary_csv_archives/CSVs/MaliciousDoH-CSVs.zip,CSVs/dnscat2/Separate/dsncat2_default-tunnel_dnsadguardcom_doh2_2020-03-28T09:39:17.213477.csv,[],official_exact_stem,data/raw/DoHBrw/pcap/_w287_independent_robustness/MaliciousDoH-dnscat2-Pcap-1202_1802/dsncat2_default-tunnel_dnsadguardcom_doh2_2020-03-28T09_39_17.213477.pcap,,28295,MaliciousDoH-dnscat2-Pcap-1202_1802.zip,b97d7ac6d3dd7e65ff7c7610c3a95fff80664ba0e4e2ab25fcb62d15069388fa,dsncat2_default-tunnel_dnsadguardcom_doh2_2020-03-28T09:39:17.213477.pcap,21788e0e,28295,MaliciousDoH-dnscat2-Pcap-1202_1802.zip/dsncat2_default-tunnel_dnsadguardcom_doh2_2020-03-28T09:39:17.213477.pcap,,not_historically_consumed,False,False,globally_fresh_archive_member,False
w287-malicious-1c29c7fe6bc42865e1,w287-malicious-1c29c7fe6bc42865e1,independent_robustness_acceptance,malicious,,dnscat2,adguard,data/raw/DoHBrw/auxiliary_csv_archives/CSVs/MaliciousDoH-CSVs.zip,CSVs/dnscat2/Separate/dsncat2_default-tunnel_dnsadguardcom_doh4_2020-03-28T08:16:20.531174.csv,[],official_exact_stem,data/raw/DoHBrw/pcap/_w287_independent_robustness/MaliciousDoH-dnscat2-Pcap-1202_1802/dsncat2_default-tunnel_dnsadguardcom_doh4_2020-03-28T08_16_20.531174.pcap,,27756,MaliciousDoH-dnscat2-Pcap-1202_1802.zip,b97d7ac6d3dd7e65ff7c7610c3a95fff80664ba0e4e2ab25fcb62d15069388fa,dsncat2_default-tunnel_dnsadguardcom_doh4_2020-03-28T08:16:20.531174.pcap,e500c9b8,27756,MaliciousDoH-dnscat2-Pcap-1202_1802.zip/dsncat2_default-tunnel_dnsadguardcom_doh4_2020-03-28T08:16:20.531174.pcap,,not_historically_consumed,False,False,globally_fresh_archive_member,False
w287-malicious-8f8e06f754e34b38e9,w287-malicious-8f8e06f754e34b38e9,independent_robustness_acceptance,malicious,,dnscat2,adguard,data/raw/DoHBrw/auxiliary_csv_archives/CSVs/MaliciousDoH-CSVs.zip,CSVs/dnscat2/Separate/dsncat2_default-tunnel_dnsadguardcom_doh5_2020-03-28T21:38:11.198048.csv,[],official_exact_stem,data/raw/DoHBrw/pcap/_w287_independent_robustness/MaliciousDoH-dnscat2-Pcap-1202_1802/dsncat2_default-tunnel_dnsadguardcom_doh5_2020-03-28T21_38_11.198048.pcap,,27847,MaliciousDoH-dnscat2-Pcap-1202_1802.zip,b97d7ac6d3dd7e65ff7c7610c3a95fff80664ba0e4e2ab25fcb62d15069388fa,dsncat2_default-tunnel_dnsadguardcom_doh5_2020-03-28T21:38:11.198048.pcap,54341976,27847,MaliciousDoH-dnscat2-Pcap-1202_1802.zip/dsncat2_default-tunnel_dnsadguardcom_doh5_2020-03-28T21:38:11.198048.pcap,,not_historically_consumed,False,False,globally_fresh_archive_member,False
w287-malicious-3d8ddb2392b49521e3,w287-malicious-3d8ddb2392b49521e3,independent_robustness_acceptance,malicious,,dnscat2,adguard,data/raw/DoHBrw/auxiliary_csv_archives/CSVs/MaliciousDoH-CSVs.zip,CSVs/dnscat2/Separate/dsncat2_default-tunnel_dnsadguardcom_doh3_2020-03-28T08:43:59.614731.csv,[],official_exact_stem,data/raw/DoHBrw/pcap/_w287_independent_robustness/MaliciousDoH-dnscat2-Pcap-1202_1802/dsncat2_default-tunnel_dnsadguardcom_doh3_2020-03-28T08_43_59.614731.pcap,,27669,MaliciousDoH-dnscat2-Pcap-1202_1802.zip,b97d7ac6d3dd7e65ff7c7610c3a95fff80664ba0e4e2ab25fcb62d15069388fa,dsncat2_default-tunnel_dnsadguardcom_doh3_2020-03-28T08:43:59.614731.pcap,be62aeb9,27669,MaliciousDoH-dnscat2-Pcap-1202_1802.zip/dsncat2_default-tunnel_dnsadguardcom_doh3_2020-03-28T08:43:59.614731.pcap,,not_historically_consumed,False,False,globally_fresh_archive_member,False
w287-malicious-b46e65d9ee030624a4,w287-malicious-b46e65d9ee030624a4,independent_robustness_acceptance,malicious,,dnscat2,quad9,data/raw/DoHBrw/auxiliary_csv_archives/CSVs/MaliciousDoH-CSVs.zip,CSVs/dnscat2/Separate/dsncat2_default-tunnel_99911_doh7_2020-03-25T11:38:50.161411.csv,[],official_exact_stem,data/raw/DoHBrw/pcap/_w287_independent_robustness/MaliciousDoH-dnscat2-Pcap-1202_1802/dsncat2_default-tunnel_99911_doh7_2020-03-25T11_38_50.161411.pcap,,3280735,MaliciousDoH-dnscat2-Pcap-1202_1802.zip,b97d7ac6d3dd7e65ff7c7610c3a95fff80664ba0e4e2ab25fcb62d15069388fa,dsncat2_default-tunnel_99911_doh7_2020-03-25T11:38:50.161411.pcap,c9a0d401,3280735,MaliciousDoH-dnscat2-Pcap-1202_1802.zip/dsncat2_default-tunnel_99911_doh7_2020-03-25T11:38:50.161411.pcap,,not_historically_consumed,False,False,globally_fresh_archive_member,False
w287-malicious-e4a5c223c6a7f24f94,w287-malicious-e4a5c223c6a7f24f94,independent_robustness_acceptance,malicious,,dnscat2,quad9,data/raw/DoHBrw/auxiliary_csv_archives/CSVs/MaliciousDoH-CSVs.zip,CSVs/dnscat2/Separate/dsncat2_default-tunnel_99911_doh10_2020-03-25T00:27:02.550661.csv,[],official_exact_stem,data/raw/DoHBrw/pcap/_w287_independent_robustness/MaliciousDoH-dnscat2-Pcap-1202_1802/dsncat2_default-tunnel_99911_doh10_2020-03-25T00_27_02.550661.pcap,,3231442,MaliciousDoH-dnscat2-Pcap-1202_1802.zip,b97d7ac6d3dd7e65ff7c7610c3a95fff80664ba0e4e2ab25fcb62d15069388fa,dsncat2_default-tunnel_99911_doh10_2020-03-25T00:27:02.550661.pcap,7169e16c,3231442,MaliciousDoH-dnscat2-Pcap-1202_1802.zip/dsncat2_default-tunnel_99911_doh10_2020-03-25T00:27:02.550661.pcap,,not_historically_consumed,False,False,globally_fresh_archive_member,False
w287-malicious-bca06bc1427829ac6a,w287-malicious-bca06bc1427829ac6a,independent_robustness_acceptance,malicious,,dnscat2,adguard,data/raw/DoHBrw/auxiliary_csv_archives/CSVs/MaliciousDoH-CSVs.zip,CSVs/dnscat2/Separate/dsncat2_default-tunnel_dnsadguardcom_doh1_2020-03-28T23:01:03.648797.csv,[],official_exact_stem,data/raw/DoHBrw/pcap/_w287_independent_robustness/MaliciousDoH-dnscat2-Pcap-1202_1802/dsncat2_default-tunnel_dnsadguardcom_doh1_2020-03-28T23_01_03.648797.pcap,,2109023,MaliciousDoH-dnscat2-Pcap-1202_1802.zip,b97d7ac6d3dd7e65ff7c7610c3a95fff80664ba0e4e2ab25fcb62d15069388fa,dsncat2_default-tunnel_dnsadguardcom_doh1_2020-03-28T23:01:03.648797.pcap,79fe30f0,2109023,MaliciousDoH-dnscat2-Pcap-1202_1802.zip/dsncat2_default-tunnel_dnsadguardcom_doh1_2020-03-28T23:01:03.648797.pcap,,not_historically_consumed,False,False,globally_fresh_archive_member,False
w287-malicious-fe133f78d42369e9a2,w287-malicious-fe133f78d42369e9a2,independent_robustness_acceptance,malicious,,dnscat2,adguard,data/raw/DoHBrw/auxiliary_csv_archives/CSVs/MaliciousDoH-CSVs.zip,CSVs/dnscat2/Separate/dsncat2_default-tunnel_dnsadguardcom_doh1_2020-03-28T11:29:57.323931.csv,[],official_exact_stem,data/raw/DoHBrw/pcap/_w287_independent_robustness/MaliciousDoH-dnscat2-Pcap-1202_1802/dsncat2_default-tunnel_dnsadguardcom_doh1_2020-03-28T11_29_57.323931.pcap,,2120417,MaliciousDoH-dnscat2-Pcap-1202_1802.zip,b97d7ac6d3dd7e65ff7c7610c3a95fff80664ba0e4e2ab25fcb62d15069388fa,dsncat2_default-tunnel_dnsadguardcom_doh1_2020-03-28T11:29:57.323931.pcap,7b39e47d,2120417,MaliciousDoH-dnscat2-Pcap-1202_1802.zip/dsncat2_default-tunnel_dnsadguardcom_doh1_2020-03-28T11:29:57.323931.pcap,,not_historically_consumed,False,False,globally_fresh_archive_member,False
w287-malicious-e4436eb66cdfe7ce4a,w287-malicious-e4436eb66cdfe7ce4a,independent_robustness_acceptance,malicious,,dnscat2,quad9,data/raw/DoHBrw/auxiliary_csv_archives/CSVs/MaliciousDoH-CSVs.zip,CSVs/dnscat2/Separate/dsncat2_default-tunnel_99911_doh10_2020-03-25T10:43:12.611689.csv,[],official_exact_stem,data/raw/DoHBrw/pcap/_w287_independent_robustness/MaliciousDoH-dnscat2-Pcap-1202_1802/dsncat2_default-tunnel_99911_doh10_2020-03-25T10_43_12.611689.pcap,,3216050,MaliciousDoH-dnscat2-Pcap-1202_1802.zip,b97d7ac6d3dd7e65ff7c7610c3a95fff80664ba0e4e2ab25fcb62d15069388fa,dsncat2_default-tunnel_99911_doh10_2020-03-25T10:43:12.611689.pcap,ba64c281,3216050,MaliciousDoH-dnscat2-Pcap-1202_1802.zip/dsncat2_default-tunnel_99911_doh10_2020-03-25T10:43:12.611689.pcap,,not_historically_consumed,False,False,globally_fresh_archive_member,False
w287-malicious-49169ad8fb0fbb5342,w287-malicious-49169ad8fb0fbb5342,independent_robustness_acceptance,malicious,,dnscat2,adguard,data/raw/DoHBrw/auxiliary_csv_archives/CSVs/MaliciousDoH-CSVs.zip,CSVs/dnscat2/Separate/dsncat2_default-tunnel_dnsadguardcom_doh2_2020-03-29T04:04:43.986984.csv,[],official_exact_stem,data/raw/DoHBrw/pcap/_w287_independent_robustness/MaliciousDoH-dnscat2-Pcap-1202_1802/dsncat2_default-tunnel_dnsadguardcom_doh2_2020-03-29T04_04_43.986984.pcap,,27582,MaliciousDoH-dnscat2-Pcap-1202_1802.zip,b97d7ac6d3dd7e65ff7c7610c3a95fff80664ba0e4e2ab25fcb62d15069388fa,dsncat2_default-tunnel_dnsadguardcom_doh2_2020-03-29T04:04:43.986984.pcap,5830da44,27582,MaliciousDoH-dnscat2-Pcap-1202_1802.zip/dsncat2_default-tunnel_dnsadguardcom_doh2_2020-03-29T04:04:43.986984.pcap,,not_historically_consumed,False,False,globally_fresh_archive_member,False
w287-malicious-b879dd94767d6de2d6,w287-malicious-b879dd94767d6de2d6,independent_robustness_acceptance,malicious,,dnscat2,adguard,data/raw/DoHBrw/auxiliary_csv_archives/CSVs/MaliciousDoH-CSVs.zip,CSVs/dnscat2/Separate/dsncat2_default-tunnel_dnsadguardcom_doh1_2020-03-29T05:55:04.418096.csv,[],official_exact_stem,data/raw/DoHBrw/pcap/_w287_independent_robustness/MaliciousDoH-dnscat2-Pcap-1202_1802/dsncat2_default-tunnel_dnsadguardcom_doh1_2020-03-29T05_55_04.418096.pcap,,2105011,MaliciousDoH-dnscat2-Pcap-1202_1802.zip,b97d7ac6d3dd7e65ff7c7610c3a95fff80664ba0e4e2ab25fcb62d15069388fa,dsncat2_default-tunnel_dnsadguardcom_doh1_2020-03-29T05:55:04.418096.pcap,e4f8135f,2105011,MaliciousDoH-dnscat2-Pcap-1202_1802.zip/dsncat2_default-tunnel_dnsadguardcom_doh1_2020-03-29T05:55:04.418096.pcap,,not_historically_consumed,False,False,globally_fresh_archive_member,False
w287-malicious-47a95a89c1b609c564,w287-malicious-47a95a89c1b609c564,independent_robustness_acceptance,malicious,,dnscat2,quad9,data/raw/DoHBrw/auxiliary_csv_archives/CSVs/MaliciousDoH-CSVs.zip,CSVs/dnscat2/Separate/dsncat2_default-tunnel_99911_doh9_2020-03-25T10:43:11.664415.csv,[],official_exact_stem,data/raw/DoHBrw/pcap/_w287_independent_robustness/MaliciousDoH-dnscat2-Pcap-1202_1802/dsncat2_default-tunnel_99911_doh9_2020-03-25T10_43_11.664415.pcap,,3233419,MaliciousDoH-dnscat2-Pcap-1202_1802.zip,b97d7ac6d3dd7e65ff7c7610c3a95fff80664ba0e4e2ab25fcb62d15069388fa,dsncat2_default-tunnel_99911_doh9_2020-03-25T10:43:11.664415.pcap,727ff2bb,3233419,MaliciousDoH-dnscat2-Pcap-1202_1802.zip/dsncat2_default-tunnel_99911_doh9_2020-03-25T10:43:11.664415.pcap,,not_historically_consumed,False,False,globally_fresh_archive_member,False
w287-malicious-0422b1ef0f411bfa57,w287-malicious-0422b1ef0f411bfa57,independent_robustness_acceptance,malicious,,dnscat2,quad9,data/raw/DoHBrw/auxiliary_csv_archives/CSVs/MaliciousDoH-CSVs.zip,CSVs/dnscat2/Separate/dsncat2_default-tunnel_99911_doh8_2020-03-25T19:34:05.023650.csv,[],official_exact_stem,data/raw/DoHBrw/pcap/_w287_independent_robustness/MaliciousDoH-dnscat2-Pcap-1202_1802/dsncat2_default-tunnel_99911_doh8_2020-03-25T19_34_05.023650.pcap,,2449977,MaliciousDoH-dnscat2-Pcap-1202_1802.zip,b97d7ac6d3dd7e65ff7c7610c3a95fff80664ba0e4e2ab25fcb62d15069388fa,dsncat2_default-tunnel_99911_doh8_2020-03-25T19:34:05.023650.pcap,2db0f1f8,2449977,MaliciousDoH-dnscat2-Pcap-1202_1802.zip/dsncat2_default-tunnel_99911_doh8_2020-03-25T19:34:05.023650.pcap,,not_historically_consumed,False,False,globally_fresh_archive_member,False
w287-malicious-faf9feead6b6a06ddd,w287-malicious-faf9feead6b6a06ddd,independent_robustness_acceptance,malicious,,dnscat2,adguard,data/raw/DoHBrw/auxiliary_csv_archives/CSVs/MaliciousDoH-CSVs.zip,CSVs/dnscat2/Separate/dsncat2_default-tunnel_dnsadguardcom_doh6_2020-03-28T17:29:20.326591.csv,[],official_exact_stem,data/raw/DoHBrw/pcap/_w287_independent_robustness/MaliciousDoH-dnscat2-Pcap-1202_1802/dsncat2_default-tunnel_dnsadguardcom_doh6_2020-03-28T17_29_20.326591.pcap,,27769,MaliciousDoH-dnscat2-Pcap-1202_1802.zip,b97d7ac6d3dd7e65ff7c7610c3a95fff80664ba0e4e2ab25fcb62d15069388fa,dsncat2_default-tunnel_dnsadguardcom_doh6_2020-03-28T17:29:20.326591.pcap,0264efa4,27769,MaliciousDoH-dnscat2-Pcap-1202_1802.zip/dsncat2_default-tunnel_dnsadguardcom_doh6_2020-03-28T17:29:20.326591.pcap,,not_historically_consumed,False,False,globally_fresh_archive_member,False
w287-malicious-2a5b2bcf69b09b8bf4,w287-malicious-2a5b2bcf69b09b8bf4,independent_robustness_acceptance,malicious,,dnscat2,adguard,data/raw/DoHBrw/auxiliary_csv_archives/CSVs/MaliciousDoH-CSVs.zip,CSVs/dnscat2/Separate/dsncat2_default-tunnel_dnsadguardcom_doh2_2020-03-28T18:52:13.688101.csv,[],official_exact_stem,data/raw/DoHBrw/pcap/_w287_independent_robustness/MaliciousDoH-dnscat2-Pcap-1202_1802/dsncat2_default-tunnel_dnsadguardcom_doh2_2020-03-28T18_52_13.688101.pcap,,27938,MaliciousDoH-dnscat2-Pcap-1202_1802.zip,b97d7ac6d3dd7e65ff7c7610c3a95fff80664ba0e4e2ab25fcb62d15069388fa,dsncat2_default-tunnel_dnsadguardcom_doh2_2020-03-28T18:52:13.688101.pcap,80f45a7e,27938,MaliciousDoH-dnscat2-Pcap-1202_1802.zip/dsncat2_default-tunnel_dnsadguardcom_doh2_2020-03-28T18:52:13.688101.pcap,,not_historically_consumed,False,False,globally_fresh_archive_member,False
w287-malicious-4856c20da5ef383423,w287-malicious-4856c20da5ef383423,independent_robustness_acceptance,malicious,,dnscat2,adguard,data/raw/DoHBrw/auxiliary_csv_archives/CSVs/MaliciousDoH-CSVs.zip,CSVs/dnscat2/Separate/dsncat2_default-tunnel_dnsadguardcom_doh4_2020-03-28T23:56:16.933701.csv,[],official_exact_stem,data/raw/DoHBrw/pcap/_w287_independent_robustness/MaliciousDoH-dnscat2-Pcap-1202_1802/dsncat2_default-tunnel_dnsadguardcom_doh4_2020-03-28T23_56_16.933701.pcap,,27688,MaliciousDoH-dnscat2-Pcap-1202_1802.zip,b97d7ac6d3dd7e65ff7c7610c3a95fff80664ba0e4e2ab25fcb62d15069388fa,dsncat2_default-tunnel_dnsadguardcom_doh4_2020-03-28T23:56:16.933701.pcap,f0f7a306,27688,MaliciousDoH-dnscat2-Pcap-1202_1802.zip/dsncat2_default-tunnel_dnsadguardcom_doh4_2020-03-28T23:56:16.933701.pcap,,not_historically_consumed,False,False,globally_fresh_archive_member,False
w287-malicious-315bc436eaec91a607,w287-malicious-315bc436eaec91a607,independent_robustness_acceptance,malicious,,dnscat2,adguard,data/raw/DoHBrw/auxiliary_csv_archives/CSVs/MaliciousDoH-CSVs.zip,CSVs/dnscat2/Separate/dsncat2_default-tunnel_dnsadguardcom_doh5_2020-03-28T07:21:03.860509.csv,[],official_exact_stem,data/raw/DoHBrw/pcap/_w287_independent_robustness/MaliciousDoH-dnscat2-Pcap-1202_1802/dsncat2_default-tunnel_dnsadguardcom_doh5_2020-03-28T07_21_03.860509.pcap,,27514,MaliciousDoH-dnscat2-Pcap-1202_1802.zip,b97d7ac6d3dd7e65ff7c7610c3a95fff80664ba0e4e2ab25fcb62d15069388fa,dsncat2_default-tunnel_dnsadguardcom_doh5_2020-03-28T07:21:03.860509.pcap,69117e5e,27514,MaliciousDoH-dnscat2-Pcap-1202_1802.zip/dsncat2_default-tunnel_dnsadguardcom_doh5_2020-03-28T07:21:03.860509.pcap,,not_historically_consumed,False,False,globally_fresh_archive_member,False
w287-malicious-ca5b5d0355e7e213b0,w287-malicious-ca5b5d0355e7e213b0,independent_robustness_acceptance,malicious,,dnscat2,quad9,data/raw/DoHBrw/auxiliary_csv_archives/CSVs/MaliciousDoH-CSVs.zip,CSVs/dnscat2/Separate/dsncat2_default-tunnel_99911_doh8_2020-03-25T08:23:31.664780.csv,[],official_exact_stem,data/raw/DoHBrw/pcap/_w287_independent_robustness/MaliciousDoH-dnscat2-Pcap-1202_1802/dsncat2_default-tunnel_99911_doh8_2020-03-25T08_23_31.664780.pcap,,3253484,MaliciousDoH-dnscat2-Pcap-1202_1802.zip,b97d7ac6d3dd7e65ff7c7610c3a95fff80664ba0e4e2ab25fcb62d15069388fa,dsncat2_default-tunnel_99911_doh8_2020-03-25T08:23:31.664780.pcap,4123e674,3253484,MaliciousDoH-dnscat2-Pcap-1202_1802.zip/dsncat2_default-tunnel_99911_doh8_2020-03-25T08:23:31.664780.pcap,,not_historically_consumed,False,False,globally_fresh_archive_member,False
w287-malicious-b5cbb08c92029987b8,w287-malicious-b5cbb08c92029987b8,independent_robustness_acceptance,malicious,,iodine,adguard,data/raw/DoHBrw/auxiliary_csv_archives/CSVs/MaliciousDoH-CSVs.zip,CSVs/iodine/Separate/iodine_null-64-tunnel_dnsadguardcom_doh5_2020-03-23T03:04:05.026851.csv,[],official_exact_stem,data/raw/DoHBrw/pcap/_w287_independent_robustness/MaliciousDoH-iodine-pcap-1202_1802/iodine_null-64-tunnel_dnsadguardcom_doh5_2020-03-23T03_04_05.026851.pcap,,1084007,MaliciousDoH-iodine-pcap-1202_1802.zip,d9b51a38f204d8026649d30eab5008c5d4a5af17e42d5f0ce44bd9ac174a0d4d,iodine_null-64-tunnel_dnsadguardcom_doh5_2020-03-23T03:04:05.026851.pcap,58b17fb0,1084007,MaliciousDoH-iodine-pcap-1202_1802.zip/iodine_null-64-tunnel_dnsadguardcom_doh5_2020-03-23T03:04:05.026851.pcap,,not_historically_consumed,False,False,globally_fresh_archive_member,False
w287-malicious-32b4f7379dd5ef5bcc,w287-malicious-32b4f7379dd5ef5bcc,independent_robustness_acceptance,malicious,,iodine,quad9,data/raw/DoHBrw/auxiliary_csv_archives/CSVs/MaliciousDoH-CSVs.zip,CSVs/iodine/Separate/iodine_null-64-tunnel_99911_doh5_2020-03-20T09:47:39.621519.csv,[],official_exact_stem,data/raw/DoHBrw/pcap/_w287_independent_robustness/MaliciousDoH-iodine-pcap-1202_1802/iodine_null-64-tunnel_99911_doh5_2020-03-20T09_47_39.621519.pcap,,4298495,MaliciousDoH-iodine-pcap-1202_1802.zip,d9b51a38f204d8026649d30eab5008c5d4a5af17e42d5f0ce44bd9ac174a0d4d,iodine_null-64-tunnel_99911_doh5_2020-03-20T09:47:39.621519.pcap,f83a7d5a,4298495,MaliciousDoH-iodine-pcap-1202_1802.zip/iodine_null-64-tunnel_99911_doh5_2020-03-20T09:47:39.621519.pcap,,not_historically_consumed,False,False,globally_fresh_archive_member,False
w287-malicious-453fb3bbc066713ac6,w287-malicious-453fb3bbc066713ac6,independent_robustness_acceptance,malicious,,iodine,google,data/raw/DoHBrw/auxiliary_csv_archives/CSVs/MaliciousDoH-CSVs.zip,CSVs/iodine/Separate/iodine_null-64-tunnel_dnsgoogle_doh3_2020-03-20T10:22:10.985524.csv,[],official_exact_stem,data/raw/DoHBrw/pcap/_w287_independent_robustness/MaliciousDoH-iodine-pcap-1202_1802/iodine_null-64-tunnel_dnsgoogle_doh3_2020-03-20T10_22_10.985524.pcap,,9852470,MaliciousDoH-iodine-pcap-1202_1802.zip,d9b51a38f204d8026649d30eab5008c5d4a5af17e42d5f0ce44bd9ac174a0d4d,iodine_null-64-tunnel_dnsgoogle_doh3_2020-03-20T10:22:10.985524.pcap,131daac8,9852470,MaliciousDoH-iodine-pcap-1202_1802.zip/iodine_null-64-tunnel_dnsgoogle_doh3_2020-03-20T10:22:10.985524.pcap,,not_historically_consumed,False,False,globally_fresh_archive_member,False
w287-malicious-62f2f44f38df86a117,w287-malicious-62f2f44f38df86a117,independent_robustness_acceptance,malicious,,iodine,adguard,data/raw/DoHBrw/auxiliary_csv_archives/CSVs/MaliciousDoH-CSVs.zip,CSVs/iodine/Separate/iodine_null-64-tunnel_dnsadguardcom_doh3_2020-03-22T21:32:23.457408.csv,[],official_exact_stem,data/raw/DoHBrw/pcap/_w287_independent_robustness/MaliciousDoH-iodine-pcap-1202_1802/iodine_null-64-tunnel_dnsadguardcom_doh3_2020-03-22T21_32_23.457408.pcap,,1304341,MaliciousDoH-iodine-pcap-1202_1802.zip,d9b51a38f204d8026649d30eab5008c5d4a5af17e42d5f0ce44bd9ac174a0d4d,iodine_null-64-tunnel_dnsadguardcom_doh3_2020-03-22T21:32:23.457408.pcap,aceec4d3,1304341,MaliciousDoH-iodine-pcap-1202_1802.zip/iodine_null-64-tunnel_dnsadguardcom_doh3_2020-03-22T21:32:23.457408.pcap,,not_historically_consumed,False,False,globally_fresh_archive_member,False
w287-malicious-8bed9c0883b6be5603,w287-malicious-8bed9c0883b6be5603,independent_robustness_acceptance,malicious,,iodine,google,data/raw/DoHBrw/auxiliary_csv_archives/CSVs/MaliciousDoH-CSVs.zip,CSVs/iodine/Separate/iodine_null-64-tunnel_dnsgoogle_doh5_2020-03-20T11:07:57.588555.csv,[],official_exact_stem,data/raw/DoHBrw/pcap/_w287_independent_robustness/MaliciousDoH-iodine-pcap-1202_1802/iodine_null-64-tunnel_dnsgoogle_doh5_2020-03-20T11_07_57.588555.pcap,,9147512,MaliciousDoH-iodine-pcap-1202_1802.zip,d9b51a38f204d8026649d30eab5008c5d4a5af17e42d5f0ce44bd9ac174a0d4d,iodine_null-64-tunnel_dnsgoogle_doh5_2020-03-20T11:07:57.588555.pcap,5ca77684,9147512,MaliciousDoH-iodine-pcap-1202_1802.zip/iodine_null-64-tunnel_dnsgoogle_doh5_2020-03-20T11:07:57.588555.pcap,,not_historically_consumed,False,False,globally_fresh_archive_member,False
w287-malicious-aacd6bf84aed586ab8,w287-malicious-aacd6bf84aed586ab8,independent_robustness_acceptance,malicious,,iodine,google,data/raw/DoHBrw/auxiliary_csv_archives/CSVs/MaliciousDoH-CSVs.zip,CSVs/iodine/Separate/iodine_null-64-tunnel_dnsgoogle_doh7_2020-03-20T04:15:55.142725.csv,[],official_exact_stem,data/raw/DoHBrw/pcap/_w287_independent_robustness/MaliciousDoH-iodine-pcap-1202_1802/iodine_null-64-tunnel_dnsgoogle_doh7_2020-03-20T04_15_55.142725.pcap,,9061438,MaliciousDoH-iodine-pcap-1202_1802.zip,d9b51a38f204d8026649d30eab5008c5d4a5af17e42d5f0ce44bd9ac174a0d4d,iodine_null-64-tunnel_dnsgoogle_doh7_2020-03-20T04:15:55.142725.pcap,7f8c2748,9061438,MaliciousDoH-iodine-pcap-1202_1802.zip/iodine_null-64-tunnel_dnsgoogle_doh7_2020-03-20T04:15:55.142725.pcap,,not_historically_consumed,False,False,globally_fresh_archive_member,False
w287-malicious-de4478b333f5409256,w287-malicious-de4478b333f5409256,independent_robustness_acceptance,malicious,,iodine,quad9,data/raw/DoHBrw/auxiliary_csv_archives/CSVs/MaliciousDoH-CSVs.zip,CSVs/iodine/Separate/iodine_null-64-tunnel_99911_doh5_2020-03-20T04:27:15.639906.csv,[],official_exact_stem,data/raw/DoHBrw/pcap/_w287_independent_robustness/MaliciousDoH-iodine-pcap-1202_1802/iodine_null-64-tunnel_99911_doh5_2020-03-20T04_27_15.639906.pcap,,4727915,MaliciousDoH-iodine-pcap-1202_1802.zip,d9b51a38f204d8026649d30eab5008c5d4a5af17e42d5f0ce44bd9ac174a0d4d,iodine_null-64-tunnel_99911_doh5_2020-03-20T04:27:15.639906.pcap,fb9390dd,4727915,MaliciousDoH-iodine-pcap-1202_1802.zip/iodine_null-64-tunnel_99911_doh5_2020-03-20T04:27:15.639906.pcap,,not_historically_consumed,False,False,globally_fresh_archive_member,False
w287-malicious-70768296b1d5dd3d7c,w287-malicious-70768296b1d5dd3d7c,independent_robustness_acceptance,malicious,,iodine,google,data/raw/DoHBrw/auxiliary_csv_archives/CSVs/MaliciousDoH-CSVs.zip,CSVs/iodine/Separate/iodine_null-64-tunnel_dnsgoogle_doh1_2020-03-20T10:22:06.526606.csv,[],official_exact_stem,data/raw/DoHBrw/pcap/_w287_independent_robustness/MaliciousDoH-iodine-pcap-1202_1802/iodine_null-64-tunnel_dnsgoogle_doh1_2020-03-20T10_22_06.526606.pcap,,9362130,MaliciousDoH-iodine-pcap-1202_1802.zip,d9b51a38f204d8026649d30eab5008c5d4a5af17e42d5f0ce44bd9ac174a0d4d,iodine_null-64-tunnel_dnsgoogle_doh1_2020-03-20T10:22:06.526606.pcap,0590b52c,9362130,MaliciousDoH-iodine-pcap-1202_1802.zip/iodine_null-64-tunnel_dnsgoogle_doh1_2020-03-20T10:22:06.526606.pcap,,not_historically_consumed,False,False,globally_fresh_archive_member,False
w287-malicious-edee8b5c78d2897ca8,w287-malicious-edee8b5c78d2897ca8,independent_robustness_acceptance,malicious,,iodine,google,data/raw/DoHBrw/auxiliary_csv_archives/CSVs/MaliciousDoH-CSVs.zip,CSVs/iodine/Separate/iodine_null-64-tunnel_dnsgoogle_doh3_2020-03-20T04:38:40.511911.csv,[],official_exact_stem,data/raw/DoHBrw/pcap/_w287_independent_robustness/MaliciousDoH-iodine-pcap-1202_1802/iodine_null-64-tunnel_dnsgoogle_doh3_2020-03-20T04_38_40.511911.pcap,,9379479,MaliciousDoH-iodine-pcap-1202_1802.zip,d9b51a38f204d8026649d30eab5008c5d4a5af17e42d5f0ce44bd9ac174a0d4d,iodine_null-64-tunnel_dnsgoogle_doh3_2020-03-20T04:38:40.511911.pcap,756d679e,9379479,MaliciousDoH-iodine-pcap-1202_1802.zip/iodine_null-64-tunnel_dnsgoogle_doh3_2020-03-20T04:38:40.511911.pcap,,not_historically_consumed,False,False,globally_fresh_archive_member,False
w287-malicious-1b4cbf09d524cc5b0d,w287-malicious-1b4cbf09d524cc5b0d,independent_robustness_acceptance,malicious,,iodine,quad9,data/raw/DoHBrw/auxiliary_csv_archives/CSVs/MaliciousDoH-CSVs.zip,CSVs/iodine/Separate/iodine_null-64-tunnel_99911_doh6_2020-03-20T09:24:38.962004.csv,[],official_exact_stem,data/raw/DoHBrw/pcap/_w287_independent_robustness/MaliciousDoH-iodine-pcap-1202_1802/iodine_null-64-tunnel_99911_doh6_2020-03-20T09_24_38.962004.pcap,,4755049,MaliciousDoH-iodine-pcap-1202_1802.zip,d9b51a38f204d8026649d30eab5008c5d4a5af17e42d5f0ce44bd9ac174a0d4d,iodine_null-64-tunnel_99911_doh6_2020-03-20T09:24:38.962004.pcap,c02ad076,4755049,MaliciousDoH-iodine-pcap-1202_1802.zip/iodine_null-64-tunnel_99911_doh6_2020-03-20T09:24:38.962004.pcap,,not_historically_consumed,False,False,globally_fresh_archive_member,False
w287-malicious-ac364523b2fc228422,w287-malicious-ac364523b2fc228422,independent_robustness_acceptance,malicious,,iodine,google,data/raw/DoHBrw/auxiliary_csv_archives/CSVs/MaliciousDoH-CSVs.zip,CSVs/iodine/Separate/iodine_null-64-tunnel_dnsgoogle_doh1_2020-03-20T06:09:55.320594.csv,[],official_exact_stem,data/raw/DoHBrw/pcap/_w287_independent_robustness/MaliciousDoH-iodine-pcap-1202_1802/iodine_null-64-tunnel_dnsgoogle_doh1_2020-03-20T06_09_55.320594.pcap,,8799825,MaliciousDoH-iodine-pcap-1202_1802.zip,d9b51a38f204d8026649d30eab5008c5d4a5af17e42d5f0ce44bd9ac174a0d4d,iodine_null-64-tunnel_dnsgoogle_doh1_2020-03-20T06:09:55.320594.pcap,5a72293a,8799825,MaliciousDoH-iodine-pcap-1202_1802.zip/iodine_null-64-tunnel_dnsgoogle_doh1_2020-03-20T06:09:55.320594.pcap,,not_historically_consumed,False,False,globally_fresh_archive_member,False
w287-malicious-eedf94bdb9bbecb708,w287-malicious-eedf94bdb9bbecb708,independent_robustness_acceptance,malicious,,iodine,cloudflare,data/raw/DoHBrw/auxiliary_csv_archives/CSVs/MaliciousDoH-CSVs.zip,CSVs/iodine/Separate/iodine_null-64-tunnel_1111_doh10_2020-03-23T03:17:55.601682.csv,[],official_exact_stem,data/raw/DoHBrw/pcap/_w287_independent_robustness/MaliciousDoH-iodine-pcap-1202_1802/iodine_null-64-tunnel_1111_doh10_2020-03-23T03_17_55.601682.pcap,,428431,MaliciousDoH-iodine-pcap-1202_1802.zip,d9b51a38f204d8026649d30eab5008c5d4a5af17e42d5f0ce44bd9ac174a0d4d,iodine_null-64-tunnel_1111_doh10_2020-03-23T03:17:55.601682.pcap,f3cea8b1,428431,MaliciousDoH-iodine-pcap-1202_1802.zip/iodine_null-64-tunnel_1111_doh10_2020-03-23T03:17:55.601682.pcap,,not_historically_consumed,False,False,globally_fresh_archive_member,False
w287-malicious-e9bcb7e73fc0db7d94,w287-malicious-e9bcb7e73fc0db7d94,independent_robustness_acceptance,malicious,,iodine,quad9,data/raw/DoHBrw/auxiliary_csv_archives/CSVs/MaliciousDoH-CSVs.zip,CSVs/iodine/Separate/iodine_null-64-tunnel_99911_doh3_2020-03-20T07:29:46.234023.csv,[],official_exact_stem,data/raw/DoHBrw/pcap/_w287_independent_robustness/MaliciousDoH-iodine-pcap-1202_1802/iodine_null-64-tunnel_99911_doh3_2020-03-20T07_29_46.234023.pcap,,4603587,MaliciousDoH-iodine-pcap-1202_1802.zip,d9b51a38f204d8026649d30eab5008c5d4a5af17e42d5f0ce44bd9ac174a0d4d,iodine_null-64-tunnel_99911_doh3_2020-03-20T07:29:46.234023.pcap,7fb4dfe0,4603587,MaliciousDoH-iodine-pcap-1202_1802.zip/iodine_null-64-tunnel_99911_doh3_2020-03-20T07:29:46.234023.pcap,,not_historically_consumed,False,False,globally_fresh_archive_member,False
w287-malicious-a00049f16180e25a1a,w287-malicious-a00049f16180e25a1a,independent_robustness_acceptance,malicious,,iodine,google,data/raw/DoHBrw/auxiliary_csv_archives/CSVs/MaliciousDoH-CSVs.zip,CSVs/iodine/Separate/iodine_null-64-tunnel_dnsgoogle_doh3_2020-03-20T05:01:28.146499.csv,[],official_exact_stem,data/raw/DoHBrw/pcap/_w287_independent_robustness/MaliciousDoH-iodine-pcap-1202_1802/iodine_null-64-tunnel_dnsgoogle_doh3_2020-03-20T05_01_28.146499.pcap,,9144581,MaliciousDoH-iodine-pcap-1202_1802.zip,d9b51a38f204d8026649d30eab5008c5d4a5af17e42d5f0ce44bd9ac174a0d4d,iodine_null-64-tunnel_dnsgoogle_doh3_2020-03-20T05:01:28.146499.pcap,8dc8aa67,9144581,MaliciousDoH-iodine-pcap-1202_1802.zip/iodine_null-64-tunnel_dnsgoogle_doh3_2020-03-20T05:01:28.146499.pcap,,not_historically_consumed,False,False,globally_fresh_archive_member,False
w287-malicious-baa9590badd83f21e0,w287-malicious-baa9590badd83f21e0,independent_robustness_acceptance,malicious,,iodine,quad9,data/raw/DoHBrw/auxiliary_csv_archives/CSVs/MaliciousDoH-CSVs.zip,CSVs/iodine/Separate/iodine_null-64-tunnel_99911_doh6_2020-03-20T10:10:47.177595.csv,[],official_exact_stem,data/raw/DoHBrw/pcap/_w287_independent_robustness/MaliciousDoH-iodine-pcap-1202_1802/iodine_null-64-tunnel_99911_doh6_2020-03-20T10_10_47.177595.pcap,,4558139,MaliciousDoH-iodine-pcap-1202_1802.zip,d9b51a38f204d8026649d30eab5008c5d4a5af17e42d5f0ce44bd9ac174a0d4d,iodine_null-64-tunnel_99911_doh6_2020-03-20T10:10:47.177595.pcap,8d4986c4,4558139,MaliciousDoH-iodine-pcap-1202_1802.zip/iodine_null-64-tunnel_99911_doh6_2020-03-20T10:10:47.177595.pcap,,not_historically_consumed,False,False,globally_fresh_archive_member,False
w287-malicious-2865de18de04161cd6,w287-malicious-2865de18de04161cd6,independent_robustness_acceptance,malicious,,iodine,google,data/raw/DoHBrw/auxiliary_csv_archives/CSVs/MaliciousDoH-CSVs.zip,CSVs/iodine/Separate/iodine_null-64-tunnel_dnsgoogle_doh1_2020-03-20T11:07:52.356960.csv,[],official_exact_stem,data/raw/DoHBrw/pcap/_w287_independent_robustness/MaliciousDoH-iodine-pcap-1202_1802/iodine_null-64-tunnel_dnsgoogle_doh1_2020-03-20T11_07_52.356960.pcap,,8936157,MaliciousDoH-iodine-pcap-1202_1802.zip,d9b51a38f204d8026649d30eab5008c5d4a5af17e42d5f0ce44bd9ac174a0d4d,iodine_null-64-tunnel_dnsgoogle_doh1_2020-03-20T11:07:52.356960.pcap,5b11c527,8936157,MaliciousDoH-iodine-pcap-1202_1802.zip/iodine_null-64-tunnel_dnsgoogle_doh1_2020-03-20T11:07:52.356960.pcap,,not_historically_consumed,False,False,globally_fresh_archive_member,False
w287-malicious-4ace32d3b0e1627f58,w287-malicious-4ace32d3b0e1627f58,independent_robustness_acceptance,malicious,,iodine,google,data/raw/DoHBrw/auxiliary_csv_archives/CSVs/MaliciousDoH-CSVs.zip,CSVs/iodine/Separate/iodine_null-64-tunnel_dnsgoogle_doh6_2020-03-20T10:22:17.492540.csv,[],official_exact_stem,data/raw/DoHBrw/pcap/_w287_independent_robustness/MaliciousDoH-iodine-pcap-1202_1802/iodine_null-64-tunnel_dnsgoogle_doh6_2020-03-20T10_22_17.492540.pcap,,9714310,MaliciousDoH-iodine-pcap-1202_1802.zip,d9b51a38f204d8026649d30eab5008c5d4a5af17e42d5f0ce44bd9ac174a0d4d,iodine_null-64-tunnel_dnsgoogle_doh6_2020-03-20T10:22:17.492540.pcap,4a374f4b,9714310,MaliciousDoH-iodine-pcap-1202_1802.zip/iodine_null-64-tunnel_dnsgoogle_doh6_2020-03-20T10:22:17.492540.pcap,,not_historically_consumed,False,False,globally_fresh_archive_member,False
w287-malicious-4383c34de5193626ad,w287-malicious-4383c34de5193626ad,independent_robustness_acceptance,malicious,,iodine,cloudflare,data/raw/DoHBrw/auxiliary_csv_archives/CSVs/MaliciousDoH-CSVs.zip,CSVs/iodine/Separate/iodine_null-64-tunnel_1111_doh9_2020-03-22T19:28:23.627992.csv,[],official_exact_stem,data/raw/DoHBrw/pcap/_w287_independent_robustness/MaliciousDoH-iodine-pcap-1202_1802/iodine_null-64-tunnel_1111_doh9_2020-03-22T19_28_23.627992.pcap,,461807,MaliciousDoH-iodine-pcap-1202_1802.zip,d9b51a38f204d8026649d30eab5008c5d4a5af17e42d5f0ce44bd9ac174a0d4d,iodine_null-64-tunnel_1111_doh9_2020-03-22T19:28:23.627992.pcap,87576ed2,461807,MaliciousDoH-iodine-pcap-1202_1802.zip/iodine_null-64-tunnel_1111_doh9_2020-03-22T19:28:23.627992.pcap,,not_historically_consumed,False,False,globally_fresh_archive_member,False
w287-malicious-d9916cb8798e059763,w287-malicious-d9916cb8798e059763,independent_robustness_acceptance,malicious,,iodine,cloudflare,data/raw/DoHBrw/auxiliary_csv_archives/CSVs/MaliciousDoH-CSVs.zip,CSVs/iodine/Separate/iodine_null-64-tunnel_1111_doh10_2020-03-23T01:55:08.569955.csv,[],official_exact_stem,data/raw/DoHBrw/pcap/_w287_independent_robustness/MaliciousDoH-iodine-pcap-1202_1802/iodine_null-64-tunnel_1111_doh10_2020-03-23T01_55_08.569955.pcap,,3936959,MaliciousDoH-iodine-pcap-1202_1802.zip,d9b51a38f204d8026649d30eab5008c5d4a5af17e42d5f0ce44bd9ac174a0d4d,iodine_null-64-tunnel_1111_doh10_2020-03-23T01:55:08.569955.pcap,4ffdeff1,3936959,MaliciousDoH-iodine-pcap-1202_1802.zip/iodine_null-64-tunnel_1111_doh10_2020-03-23T01:55:08.569955.pcap,,not_historically_consumed,False,False,globally_fresh_archive_member,False
w287-malicious-4af543582752cf2671,w287-malicious-4af543582752cf2671,independent_robustness_acceptance,malicious,,iodine,adguard,data/raw/DoHBrw/auxiliary_csv_archives/CSVs/MaliciousDoH-CSVs.zip,CSVs/iodine/Separate/iodine_null-64-tunnel_dnsadguardcom_doh5_2020-03-22T19:42:09.896700.csv,[],official_exact_stem,data/raw/DoHBrw/pcap/_w287_independent_robustness/MaliciousDoH-iodine-pcap-1202_1802/iodine_null-64-tunnel_dnsadguardcom_doh5_2020-03-22T19_42_09.896700.pcap,,1270524,MaliciousDoH-iodine-pcap-1202_1802.zip,d9b51a38f204d8026649d30eab5008c5d4a5af17e42d5f0ce44bd9ac174a0d4d,iodine_null-64-tunnel_dnsadguardcom_doh5_2020-03-22T19:42:09.896700.pcap,f722190d,1270524,MaliciousDoH-iodine-pcap-1202_1802.zip/iodine_null-64-tunnel_dnsadguardcom_doh5_2020-03-22T19:42:09.896700.pcap,,not_historically_consumed,False,False,globally_fresh_archive_member,False
w287-malicious-d2168869532a7d9897,w287-malicious-d2168869532a7d9897,independent_robustness_acceptance,malicious,,iodine,google,data/raw/DoHBrw/auxiliary_csv_archives/CSVs/MaliciousDoH-CSVs.zip,CSVs/iodine/Separate/iodine_null-64-tunnel_dnsgoogle_doh7_2020-03-20T04:38:45.941699.csv,[],official_exact_stem,data/raw/DoHBrw/pcap/_w287_independent_robustness/MaliciousDoH-iodine-pcap-1202_1802/iodine_null-64-tunnel_dnsgoogle_doh7_2020-03-20T04_38_45.941699.pcap,,9004504,MaliciousDoH-iodine-pcap-1202_1802.zip,d9b51a38f204d8026649d30eab5008c5d4a5af17e42d5f0ce44bd9ac174a0d4d,iodine_null-64-tunnel_dnsgoogle_doh7_2020-03-20T04:38:45.941699.pcap,b3b4d24f,9004504,MaliciousDoH-iodine-pcap-1202_1802.zip/iodine_null-64-tunnel_dnsgoogle_doh7_2020-03-20T04:38:45.941699.pcap,,not_historically_consumed,False,False,globally_fresh_archive_member,False
w287-malicious-b30cd615418b3a97df,w287-malicious-b30cd615418b3a97df,independent_robustness_acceptance,malicious,,iodine,quad9,data/raw/DoHBrw/auxiliary_csv_archives/CSVs/MaliciousDoH-CSVs.zip,CSVs/iodine/Separate/iodine_null-64-tunnel_99911_doh9_2020-03-20T09:24:42.864217.csv,[],official_exact_stem,data/raw/DoHBrw/pcap/_w287_independent_robustness/MaliciousDoH-iodine-pcap-1202_1802/iodine_null-64-tunnel_99911_doh9_2020-03-20T09_24_42.864217.pcap,,4853030,MaliciousDoH-iodine-pcap-1202_1802.zip,d9b51a38f204d8026649d30eab5008c5d4a5af17e42d5f0ce44bd9ac174a0d4d,iodine_null-64-tunnel_99911_doh9_2020-03-20T09:24:42.864217.pcap,70c9e6af,4853030,MaliciousDoH-iodine-pcap-1202_1802.zip/iodine_null-64-tunnel_99911_doh9_2020-03-20T09:24:42.864217.pcap,,not_historically_consumed,False,False,globally_fresh_archive_member,False
w287-malicious-8e327dcdfe98838d1d,w287-malicious-8e327dcdfe98838d1d,independent_robustness_acceptance,malicious,,iodine,quad9,data/raw/DoHBrw/auxiliary_csv_archives/CSVs/MaliciousDoH-CSVs.zip,CSVs/iodine/Separate/iodine_null-64-tunnel_99911_doh2_2020-03-20T04:50:04.978806.csv,[],official_exact_stem,data/raw/DoHBrw/pcap/_w287_independent_robustness/MaliciousDoH-iodine-pcap-1202_1802/iodine_null-64-tunnel_99911_doh2_2020-03-20T04_50_04.978806.pcap,,4827611,MaliciousDoH-iodine-pcap-1202_1802.zip,d9b51a38f204d8026649d30eab5008c5d4a5af17e42d5f0ce44bd9ac174a0d4d,iodine_null-64-tunnel_99911_doh2_2020-03-20T04:50:04.978806.pcap,ec7e995f,4827611,MaliciousDoH-iodine-pcap-1202_1802.zip/iodine_null-64-tunnel_99911_doh2_2020-03-20T04:50:04.978806.pcap,,not_historically_consumed,False,False,globally_fresh_archive_member,False
w287-malicious-2f1c61606a82a36e66,w287-malicious-2f1c61606a82a36e66,independent_robustness_acceptance,malicious,,iodine,quad9,data/raw/DoHBrw/auxiliary_csv_archives/CSVs/MaliciousDoH-CSVs.zip,CSVs/iodine/Separate/iodine_null-64-tunnel_99911_doh2_2020-03-20T05:12:50.003758.csv,[],official_exact_stem,data/raw/DoHBrw/pcap/_w287_independent_robustness/MaliciousDoH-iodine-pcap-1202_1802/iodine_null-64-tunnel_99911_doh2_2020-03-20T05_12_50.003758.pcap,,4874155,MaliciousDoH-iodine-pcap-1202_1802.zip,d9b51a38f204d8026649d30eab5008c5d4a5af17e42d5f0ce44bd9ac174a0d4d,iodine_null-64-tunnel_99911_doh2_2020-03-20T05:12:50.003758.pcap,6f01d550,4874155,MaliciousDoH-iodine-pcap-1202_1802.zip/iodine_null-64-tunnel_99911_doh2_2020-03-20T05:12:50.003758.pcap,,not_historically_consumed,False,False,globally_fresh_archive_member,False
