external_system,paper_identity,publication_status,dataset_task,metric,external_value,mad_etd_value,delta,delta_percentage_points,numerically_positive,interval_lower,interval_upper,interval_type,interval_scope,interval_supports_positive,formal_paired_significance,evidence_tier,official_code_participating,locally_executed_external_system,same_acceptance_query,same_safe_input,same_split_roles,faithful_reproduction,source_artifact,source_artifact_sha256
Continual-Federated-IDS,10.1186/s42400-023-00199-0,peer_reviewed,CICIDS2017 5-way 3-shot binary projection,accuracy,0.99655,0.99895,0.0023999999999999577,0.23999999999999577,True,0.0017500000000000293,0.0031999999999999806,1000_resample_paired_episode_delta_ci,paired_delta,True,True,official_code_participating_adapted_same_query,True,True,True,True,True,False,data/runs/mad_etd_external_peer_multiagent_v10/paper_ready_cfids_same_query_table.csv,5cb86b564445fc2622b7ddbf47a9ba31e7cd6f60e37121e5f5b2e2415d2483db
Continual-Federated-IDS,10.1186/s42400-023-00199-0,peer_reviewed,CICIDS2017 5-way 3-shot binary projection,macro_f1,0.994594661478513,0.9983573719626884,0.0037627104841753134,0.37627104841753134,True,0.0027399972478382995,0.005016326073251437,1000_resample_paired_episode_delta_ci,paired_delta,True,True,official_code_participating_adapted_same_query,True,True,True,True,True,False,data/runs/mad_etd_external_peer_multiagent_v10/paper_ready_cfids_same_query_table.csv,5cb86b564445fc2622b7ddbf47a9ba31e7cd6f60e37121e5f5b2e2415d2483db
Continual-Federated-IDS,10.1186/s42400-023-00199-0,peer_reviewed,CICIDS2017 5-way 3-shot binary projection,weighted_f1,0.9965452859907622,0.9989493586810552,0.0024040726902929688,0.24040726902929688,True,0.0017518006143296821,0.003205231370639383,1000_resample_paired_episode_delta_ci,paired_delta,True,True,official_code_participating_adapted_same_query,True,True,True,True,True,False,data/runs/mad_etd_external_peer_multiagent_v10/paper_ready_cfids_same_query_table.csv,5cb86b564445fc2622b7ddbf47a9ba31e7cd6f60e37121e5f5b2e2415d2483db
Continual-Federated-IDS,10.1186/s42400-023-00199-0,peer_reviewed,CICIDS2017 5-way 3-shot binary projection,malicious_precision,0.9969430407386611,0.9989383625804035,0.001995321841742337,0.19953218417423368,True,,,not_available,paired_delta,False,False,official_code_participating_adapted_same_query,True,True,True,True,True,False,data/runs/mad_etd_external_peer_multiagent_v10/paper_ready_cfids_same_query_table.csv,5cb86b564445fc2622b7ddbf47a9ba31e7cd6f60e37121e5f5b2e2415d2483db
Continual-Federated-IDS,10.1186/s42400-023-00199-0,peer_reviewed,CICIDS2017 5-way 3-shot binary projection,malicious_recall,0.99875,0.99975,0.0010000000000000009,0.10000000000000009,True,,,not_available,paired_delta,False,False,official_code_participating_adapted_same_query,True,True,True,True,True,False,data/runs/mad_etd_external_peer_multiagent_v10/paper_ready_cfids_same_query_table.csv,5cb86b564445fc2622b7ddbf47a9ba31e7cd6f60e37121e5f5b2e2415d2483db
Continual-Federated-IDS,10.1186/s42400-023-00199-0,peer_reviewed,CICIDS2017 5-way 3-shot binary projection,malicious_f1,0.9978457023322614,0.9993440164932996,0.0014983141610381834,0.14983141610381834,True,,,not_available,paired_delta,False,False,official_code_participating_adapted_same_query,True,True,True,True,True,False,data/runs/mad_etd_external_peer_multiagent_v10/paper_ready_cfids_same_query_table.csv,5cb86b564445fc2622b7ddbf47a9ba31e7cd6f60e37121e5f5b2e2415d2483db
ZTA-FL,10.1109/SATC69565.2026.11542411,peer_reviewed,Edge-IIoTset_binary_benign_vs_malicious,accuracy,0.7616599894171895,0.9043011565500038,0.14264116713281427,14.264116713281428,True,0.01798888804898323,0.3168247104845412,1000_resample_paired_source_group_delta_ci,paired_delta,True,True,official_code_participating_adapted_same_query,True,True,True,True,True,False,data/runs/mad_etd_external_peer_multiagent_v11/paper_ready_ztafl_same_query_table.csv,edc39fbe8f72bb7e49370dd8ec9db51fa9c6c3ef7721781631433d89275d8fed
ZTA-FL,10.1109/SATC69565.2026.11542411,peer_reviewed,Edge-IIoTset_binary_benign_vs_malicious,macro_f1,0.7599762311596887,0.9043006310430965,0.14432439988340784,14.432439988340784,True,0.02586119445202395,0.3359390434628645,1000_resample_paired_source_group_delta_ci,paired_delta,True,True,official_code_participating_adapted_same_query,True,True,True,True,True,False,data/runs/mad_etd_external_peer_multiagent_v11/paper_ready_ztafl_same_query_table.csv,edc39fbe8f72bb7e49370dd8ec9db51fa9c6c3ef7721781631433d89275d8fed
ZTA-FL,10.1109/SATC69565.2026.11542411,peer_reviewed,Edge-IIoTset_binary_benign_vs_malicious,weighted_f1,0.7581085967747894,0.9042797972369974,0.146171200462208,14.6171200462208,True,0.018098447257967075,0.37565694706184294,1000_resample_paired_source_group_delta_ci,paired_delta,True,True,official_code_participating_adapted_same_query,True,True,True,True,True,False,data/runs/mad_etd_external_peer_multiagent_v11/paper_ready_ztafl_same_query_table.csv,edc39fbe8f72bb7e49370dd8ec9db51fa9c6c3ef7721781631433d89275d8fed
ZTA-FL,10.1109/SATC69565.2026.11542411,peer_reviewed,Edge-IIoTset_binary_benign_vs_malicious,malicious_precision,0.9165985282093213,0.9994974032501257,0.0828988750408044,8.28988750408044,True,0.0,0.44574887229677995,1000_resample_paired_source_group_delta_ci,paired_delta,False,False,official_code_participating_adapted_same_query,True,True,True,True,True,False,data/runs/mad_etd_external_peer_multiagent_v11/paper_ready_ztafl_same_query_table.csv,edc39fbe8f72bb7e49370dd8ec9db51fa9c6c3ef7721781631433d89275d8fed
ZTA-FL,10.1109/SATC69565.2026.11542411,peer_reviewed,Edge-IIoTset_binary_benign_vs_malicious,malicious_recall,0.6202794300733158,0.8252870383178863,0.20500760824457054,20.500760824457053,True,0.0,0.4823333333333333,1000_resample_paired_source_group_delta_ci,paired_delta,False,False,official_code_participating_adapted_same_query,True,True,True,True,True,False,data/runs/mad_etd_external_peer_multiagent_v11/paper_ready_ztafl_same_query_table.csv,edc39fbe8f72bb7e49370dd8ec9db51fa9c6c3ef7721781631433d89275d8fed
ZTA-FL,10.1109/SATC69565.2026.11542411,peer_reviewed,Edge-IIoTset_binary_benign_vs_malicious,malicious_f1,0.7398729477765861,0.9040763752083649,0.16420342743177885,16.420342743177883,True,0.01152062220101302,0.5264156168905496,1000_resample_paired_source_group_delta_ci,paired_delta,True,True,official_code_participating_adapted_same_query,True,True,True,True,True,False,data/runs/mad_etd_external_peer_multiagent_v11/paper_ready_ztafl_same_query_table.csv,edc39fbe8f72bb7e49370dd8ec9db51fa9c6c3ef7721781631433d89275d8fed
MA-IDS,arXiv:2604.05458,verifiable_preprint,NF-BoT-IoT,accuracy,0.9,0.96275,0.06274999999999997,6.274999999999997,True,0.96014875,0.96540125,local_metric_bootstrap_ci_vs_fixed_paper_scalar,mad_etd_local_metric_only,True,False,paper_reported_cross_protocol,False,False,False,False,False,False,data/runs/mad_etd_five_system_positive_evidence_w236_w240/unified_metric_matrix_w237.csv,f425a221f3dc622f0eb14f881ab031035374d11815c0c6ea2715303e25e8eb4d
MA-IDS,arXiv:2604.05458,verifiable_preprint,NF-BoT-IoT,macro_precision,0.9,0.9633216104849947,0.06332161048499463,6.332161048499463,True,0.960778868855328,0.965942840380515,local_metric_bootstrap_ci_vs_fixed_paper_scalar,mad_etd_local_metric_only,True,False,paper_reported_cross_protocol,False,False,False,False,False,False,data/runs/mad_etd_five_system_positive_evidence_w236_w240/unified_metric_matrix_w237.csv,f425a221f3dc622f0eb14f881ab031035374d11815c0c6ea2715303e25e8eb4d
MA-IDS,arXiv:2604.05458,verifiable_preprint,NF-BoT-IoT,macro_recall,0.9,0.96275,0.06274999999999997,6.274999999999997,True,0.96014875,0.96540125,local_metric_bootstrap_ci_vs_fixed_paper_scalar,mad_etd_local_metric_only,True,False,paper_reported_cross_protocol,False,False,False,False,False,False,data/runs/mad_etd_five_system_positive_evidence_w236_w240/unified_metric_matrix_w237.csv,f425a221f3dc622f0eb14f881ab031035374d11815c0c6ea2715303e25e8eb4d
MA-IDS,arXiv:2604.05458,verifiable_preprint,NF-BoT-IoT,macro_f1,0.8975,0.9627557537612672,0.06525575376126724,6.525575376126724,True,0.9601588417689089,0.9654331292599395,local_metric_bootstrap_ci_vs_fixed_paper_scalar,mad_etd_local_metric_only,True,False,paper_reported_cross_protocol,False,False,False,False,False,False,data/runs/mad_etd_five_system_positive_evidence_w236_w240/unified_metric_matrix_w237.csv,f425a221f3dc622f0eb14f881ab031035374d11815c0c6ea2715303e25e8eb4d
MA-IDS,arXiv:2604.05458,verifiable_preprint,NF-ToN-IoT,accuracy,0.84,0.8577777777777778,0.01777777777777778,1.7777777777777781,True,0.8533333333333334,0.8621212121212121,local_metric_bootstrap_ci_vs_fixed_paper_scalar,mad_etd_local_metric_only,True,False,paper_reported_cross_protocol,False,False,False,False,False,False,data/runs/mad_etd_five_system_positive_evidence_w236_w240/unified_metric_matrix_w237.csv,f425a221f3dc622f0eb14f881ab031035374d11815c0c6ea2715303e25e8eb4d
MA-IDS,arXiv:2604.05458,verifiable_preprint,NF-ToN-IoT,macro_precision,0.8556,0.8737117340859295,0.018111734085929476,1.8111734085929476,True,0.8696930730581545,0.8778634502370326,local_metric_bootstrap_ci_vs_fixed_paper_scalar,mad_etd_local_metric_only,True,False,paper_reported_cross_protocol,False,False,False,False,False,False,data/runs/mad_etd_five_system_positive_evidence_w236_w240/unified_metric_matrix_w237.csv,f425a221f3dc622f0eb14f881ab031035374d11815c0c6ea2715303e25e8eb4d
MA-IDS,arXiv:2604.05458,verifiable_preprint,NF-ToN-IoT,macro_recall,0.85,0.8577777777777778,0.007777777777777772,0.7777777777777772,True,0.8533333333333334,0.8621212121212122,local_metric_bootstrap_ci_vs_fixed_paper_scalar,mad_etd_local_metric_only,True,False,paper_reported_cross_protocol,False,False,False,False,False,False,data/runs/mad_etd_five_system_positive_evidence_w236_w240/unified_metric_matrix_w237.csv,f425a221f3dc622f0eb14f881ab031035374d11815c0c6ea2715303e25e8eb4d
MA-IDS,arXiv:2604.05458,verifiable_preprint,NF-ToN-IoT,macro_f1,0.8522,0.8534970780778067,0.001297078077806768,0.1297078077806768,True,0.8487965273177974,0.8580553772736862,local_metric_bootstrap_ci_vs_fixed_paper_scalar,mad_etd_local_metric_only,False,False,paper_reported_cross_protocol,False,False,False,False,False,False,data/runs/mad_etd_five_system_positive_evidence_w236_w240/unified_metric_matrix_w237.csv,f425a221f3dc622f0eb14f881ab031035374d11815c0c6ea2715303e25e8eb4d
MARL-NIDS,10.1109/NOMS59830.2024.10575541,peer_reviewed,CICIDS2017 15-label weighted classification,accuracy,0.99,0.9972942000381996,0.007294200038199583,0.7294200038199583,True,0.9971070820334883,0.9974971350353345,local_metric_bootstrap_ci_vs_fixed_paper_scalar,mad_etd_local_metric_only,True,False,paper_reported_cross_protocol,False,False,False,False,False,False,data/runs/mad_etd_five_system_positive_evidence_w236_w240/unified_metric_matrix_w237.csv,f425a221f3dc622f0eb14f881ab031035374d11815c0c6ea2715303e25e8eb4d
MARL-NIDS,10.1109/NOMS59830.2024.10575541,peer_reviewed,CICIDS2017 15-label weighted classification,weighted_f1,0.99,0.9972882769020581,0.007288276902058133,0.7288276902058133,True,0.9971030655235764,0.997476330908275,local_metric_bootstrap_ci_vs_fixed_paper_scalar,mad_etd_local_metric_only,True,False,paper_reported_cross_protocol,False,False,False,False,False,False,data/runs/mad_etd_five_system_positive_evidence_w236_w240/unified_metric_matrix_w237.csv,f425a221f3dc622f0eb14f881ab031035374d11815c0c6ea2715303e25e8eb4d
MAS-LSTM,10.3390/pr13030753,peer_reviewed,NF-ToN-IoT-v2 binary classification,accuracy,0.9522,0.9590929192668665,0.006892919266866415,0.6892919266866415,True,0.9571759373003784,0.9610584246474375,local_metric_bootstrap_ci_vs_fixed_paper_scalar,mad_etd_local_metric_only,True,False,paper_reported_cross_protocol,False,False,False,False,False,False,data/runs/mad_etd_five_system_positive_evidence_w236_w240/unified_metric_matrix_w237.csv,f425a221f3dc622f0eb14f881ab031035374d11815c0c6ea2715303e25e8eb4d
MAS-LSTM,10.3390/pr13030753,peer_reviewed,NF-ToN-IoT-v2 binary classification,precision,0.9599,0.9893249859539289,0.02942498595392895,2.942498595392895,True,0.9880521974405524,0.9905414135018712,local_metric_bootstrap_ci_vs_fixed_paper_scalar,mad_etd_local_metric_only,True,False,paper_reported_cross_protocol,False,False,False,False,False,False,data/runs/mad_etd_five_system_positive_evidence_w236_w240/unified_metric_matrix_w237.csv,f425a221f3dc622f0eb14f881ab031035374d11815c0c6ea2715303e25e8eb4d
MAS-LSTM,10.3390/pr13030753,peer_reviewed,NF-ToN-IoT-v2 binary classification,recall,0.9599,0.9462976469233427,-0.013602353076657248,-1.3602353076657248,False,0.9434944915742198,0.949138228858777,local_metric_bootstrap_ci_vs_fixed_paper_scalar,mad_etd_local_metric_only,False,False,paper_reported_cross_protocol,False,False,False,False,False,False,data/runs/mad_etd_five_system_positive_evidence_w236_w240/unified_metric_matrix_w237.csv,f425a221f3dc622f0eb14f881ab031035374d11815c0c6ea2715303e25e8eb4d
MAS-LSTM,10.3390/pr13030753,peer_reviewed,NF-ToN-IoT-v2 binary classification,f1,0.9678,0.9673330848162609,-0.0004669151837390917,-0.04669151837390917,False,0.965736817556146,0.9689048796672594,local_metric_bootstrap_ci_vs_fixed_paper_scalar,mad_etd_local_metric_only,False,False,paper_reported_cross_protocol,False,False,False,False,False,False,data/runs/mad_etd_five_system_positive_evidence_w236_w240/unified_metric_matrix_w237.csv,f425a221f3dc622f0eb14f881ab031035374d11815c0c6ea2715303e25e8eb4d
