iteration,sample_bootstrap_macro_f1_delta,grouped_bootstrap_macro_f1_delta
0,0.02922587230780671,0.00440457174319886
1,0.03285666669733367,0.0037352834327195605
2,0.02966909595458822,0.03402322769085153
3,0.027450690537627276,0.03689449839850223
4,0.03164488000337673,0.0553797586787419
5,0.03341097109116564,0.008277720847350789
6,0.03369507136279659,0.004384069705199334
7,0.031893083355353236,0.027425421246911497
8,0.030350216666613306,0.004939128286245653
9,0.030621100568652082,0.02994899909304194
10,0.027992239823558362,0.0045130755894434715
11,0.033048212958728285,0.030226058295688807
12,0.031292399231604096,0.06431705019592582
13,0.03214292828727294,0.02713640304926035
14,0.031186688482074953,0.027466604495735125
15,0.03240418631849451,0.0041769241439106874
16,0.029300281281993024,0.004667336400301703
17,0.030821093682068867,0.006864804390859569
18,0.03403068681984489,0.030811738049758675
19,0.030073709537368765,0.03192435419631767
20,0.032482686786986514,0.034332766480828836
21,0.035017506277105426,0.0005159738155748883
22,0.0315734025972072,0.028386764827070365
23,0.03396498963923378,0.05688264040480906
24,0.028373308171582012,0.05356321405982156
25,0.033392333302917465,0.0004331039649454471
26,0.033433330189479804,0.025319740980034755
27,0.02994938924070145,0.0574390439887732
28,0.026667281295107426,0.034235573528800134
29,0.031653920697406246,0.07181046126073987
30,0.03317754261246031,0.027520622812624795
31,0.02904541155502416,0.05708220174437195
32,0.029284212472197146,0.03468481767819287
33,0.03110464094422194,0.03420099020378986
34,0.03103796348331811,0.028024142577567912
35,0.03271023084159064,0.0005741795767955082
36,0.027923573110689714,0.08054090297495775
37,0.029813972040085956,0.05644924450241817
38,0.03138498388482436,0.030855652315891047
39,0.031592863425442985,0.010423137953459172
40,0.02991985023854471,0.03669590121700206
41,0.031966629557780735,0.0005939975669270181
42,0.030366541346595666,0.035799983523331136
43,0.035110024492469916,0.08713411934375093
44,0.032450246723484066,0.11874451305711553
45,0.03288198212886817,0.049304549165197775
46,0.0326928845309159,0.02664586252673251
47,0.031165213546602955,0.07164863259292309
48,0.03057044714476398,0.011122750236110868
49,0.030458367540704856,0.10354830564514184
50,0.02790774538152241,0.026973345767242862
51,0.03248278867809873,0.05396266200174793
52,0.03275097435040375,0.0073004689822629976
53,0.03000289057265726,0.004000226309423871
54,0.03521289925876081,0.005206227743369096
55,0.032046201426022436,0.06813400174008843
56,0.030995983832082574,0.004325027834622963
57,0.031246261668304354,0.12005895540115974
58,0.03295895278819827,0.034014287107644314
59,0.030719649749146427,0.0045280487096539535
60,0.033045540209165836,0.001100002549004997
61,0.033767688909828175,0.0669806330300482
62,0.03287175660326558,0.034482497611621254
63,0.029789101883374913,0.007354297053402181
64,0.031753515778496944,0.0008018706760815064
65,0.03241721162743849,0.05425264694669196
66,0.03182787495126471,0.0003231555089491245
67,0.029267807882721986,0.02741999802542372
68,0.030929616336249577,0.010122762022601428
69,0.03173577501053604,0.02958169003580957
70,0.0313982410284348,0.02848982020629831
71,0.03211286618804754,0.0358435136689087
72,0.031952326856811375,0.027539463145076715
73,0.031499599427000424,0.027718070794447103
74,0.03132381208537294,0.007030216599407613
75,0.03296508607830062,0.029835323394008406
76,0.031375941096559834,0.032178567966533955
77,0.030246170938281303,0.05746378636502292
78,0.0318326820627195,0.007621502362045618
79,0.03421538988377726,0.08276080950195852
80,0.02953432674610068,0.08245328195665436
81,0.029551834112908848,0.037902064188263695
82,0.03426447173451885,0.05471987351614582
83,0.03281516466866663,0.004281115017705672
84,0.03305823152136789,0.0304589228120018
85,0.029120902128339732,0.030692108759098446
86,0.029278352369440208,0.009749409101678763
87,0.03524656517031266,0.03322163054248595
88,0.030368947628764742,0.004513099584515401
89,0.03273293267083188,0.00041417514431418834
90,0.02888854195607804,0.0327475606763985
91,0.029538812180907592,0.03160814418063551
92,0.03300501937667255,0.03828973188185203
93,0.031152854042066913,0.007464245230146216
94,0.03236274630194691,0.03024989829471214
95,0.03144543659285981,0.032603037997009254
96,0.028617756725216936,0.004193531835041231
97,0.03267800834996937,0.003844217080296586
98,0.030164066344373408,0.11610895809774913
99,0.031238265485205474,0.0103074091570875
100,0.031859226370663296,0.0018638982633720769
101,0.0317491164799365,0.0009462280557153147
102,0.03142949538163253,0.02884653052132169
103,0.030032996682368474,0.027696114704876318
104,0.02692915223221637,0.08393858880536176
105,0.033180094490099954,0.030466769655203674
106,0.030774246085632395,0.033172881329246784
107,0.032335268096647996,0.06335859615483208
108,0.029660032840651218,0.033715382329560395
109,0.03137406075776328,0.08304099671959941
110,0.03095403657774287,0.00010331781955708053
111,0.030776546961477358,0.03280343794874363
112,0.03058302906549304,0.027893878907402803
113,0.033300123172229634,0.003472383773676868
114,0.03347935787262235,0.05811103457777489
115,0.028251300151405645,0.00627134398715945
116,0.0311492423864137,0.030545966083895038
117,0.029578078562879417,0.03071466821640767
118,0.03319570503921698,0.0037730486464233604
119,0.03051595207426483,0.03341766685333225
120,0.03545402082843252,0.00020090003424522163
121,0.03117372593716694,0.03283138787172335
122,0.03083509697412623,0.03155884264152542
123,0.03134135832540308,0.03998625693079738
124,0.02921740550459251,0.031377112516746686
125,0.030316631826896256,0.05627338109290447
126,0.03009415297518825,0.01024627914656051
127,0.03191324844524834,0.06755123864504453
128,0.03145266205894015,0.09544366615977418
129,0.03283245515304267,0.03111445162728632
130,0.02953331314294183,0.004134902525171902
131,0.03041805818326193,0.001201866539188745
132,0.027991377971155806,0.03760319288473468
133,0.030866574885983766,0.00991086674538133
134,0.029799505818610905,0.09020539197157396
135,0.033925907570405034,0.0832894515574506
136,0.03071912096045115,0.032273407727334
137,0.03475466963711704,0.030942755011873935
138,0.03066323735239951,0.06143037662126305
139,0.030338735472897893,0.09806507454578695
140,0.029440644164387963,0.05705748115545739
141,0.03201434544561199,0.03218693565732189
142,0.03449854556925347,0.037711716988072075
143,0.02927754691687512,0.007311858365641188
144,0.03242610215740527,0.03318721313852446
145,0.031353253669942904,0.08960957972351347
146,0.029334656620910282,0.03535635419944294
147,0.028530586283841197,0.003825864391430178
148,0.03286258411438048,0.00031240010224675707
149,0.029314075901426206,0.0038936885153877387
150,0.030811168378574783,0.030405310744500813
151,0.03123331448293265,0.060454401591845786
152,0.032213488478926355,0.02997924715784861
153,0.031659792112959995,0.0038986210258312726
154,0.03356168299592632,0.0002535180001814741
155,0.03248270240358364,0.06006245438611668
156,0.030474368347547687,0.0006944795753560662
157,0.03233691867925581,0.03395610868622556
158,0.03328564657299826,0.05878123159396764
159,0.029724798452848478,0.006809377673780315
160,0.02913814514114965,0.05675470168789609
161,0.03216216588845944,0.030348748344091958
162,0.029932782329730845,0.03843121894480772
163,0.027976140358700108,0.030725277207327983
164,0.029309169609461172,0.0005196088095354989
165,0.030149954818090352,0.04095733387521361
166,0.032417400997057255,0.027465438080648497
167,0.02821452540077307,0.03188349873676466
168,0.032408775662129186,0.058763217295924264
169,0.03236875325492772,0.006656466666922989
170,0.029728495747435413,0.030672964064718533
171,0.03121905231927735,0.0045938819890177784
172,0.0285486628696896,0.03440070137374707
173,0.02981974566402279,0.004522718005606552
174,0.029375984399105715,0.0035785119672426813
175,0.03283198389670394,0.13737950738066085
176,0.030933563329921476,0.052941237248384065
177,0.02966560209459257,0.008914565377797112
178,0.030887374360048958,0.0045815673179210314
179,0.02978571456664525,0.030042093539207615
180,0.035288637681827995,0.0372582729405978
181,0.0292392213675452,0.030852474711508093
182,0.03398761657796079,0.00021411097607781926
183,0.03151418461351896,0.07197331636452375
184,0.031596871634995916,0.0003220617388602909
185,0.0331804531757085,0.003841233464207283
186,0.02997510804401693,0.03686694856088413
187,0.03228471686040624,0.03786802913206666
188,0.030193855728206653,0.06226657094346333
189,0.02967739766159716,0.09830210520235771
190,0.031758109582385674,0.11278943077884851
191,0.031991687274132374,0.060149370052738904
192,0.02992777792523793,0.028326637697415502
193,0.02963469985642142,0.000828413797994032
194,0.03164863103986326,0.04512279696586663
195,0.03278755007175427,0.0009257809894711588
196,0.031070983428265975,0.0042262739457255005
197,0.03178331015453595,0.0554294261099314
198,0.030684638851531942,0.05658205705430153
199,0.0326981423724535,0.03612831205765632
200,0.030316901756515136,0.003893810433205136
201,0.030506733949830167,0.03815063926647155
202,0.03276355350598048,0.02852997116899525
203,0.032049937092742065,0.003921408392508763
204,0.033183036390084686,0.02797764135462011
205,0.03028464245926965,0.004298660389411846
206,0.030638004097932825,0.03016400292876631
207,0.028671780861509122,0.000800080008000803
208,0.03365147387873324,0.030368723570705747
209,0.030691315187902135,0.054648638652377235
210,0.03265652301721489,0.003694332391401489
211,0.0327842668998386,0.0035308949894548025
212,0.03220341660440629,0.005013036512557356
213,0.0295068385123739,0.031546407377867514
214,0.030219389469756552,0.03001258409107721
215,0.030824112272209714,0.03087201489584035
216,0.030132898989993717,0.039617215282971796
217,0.0333243410788272,0.06323917221615749
218,0.02919473496860947,0.027115170055987292
219,0.032300928673261176,0.08730897846640473
220,0.028685472194638684,0.033471895838375954
221,0.03118477066437264,0.030420351926683353
222,0.032893342502388734,0.05733066340396875
223,0.03031249887661336,0.004100047021368902
224,0.029067483477137612,0.008489603399714607
225,0.03293529682731022,0.038472756907436345
226,0.02653355580599881,0.0040257975830133574
227,0.03002657387466312,0.030304133999820904
228,0.03268280901895437,0.03572134512066849
229,0.030087731706901932,0.053945277981377715
230,0.030019320697201923,0.03003972065090077
231,0.03114962084843864,0.030192204465678385
232,0.030521356726093574,0.031090454701839132
233,0.030503217969787055,0.06133000194509797
234,0.02895909956464382,0.03352083082069268
235,0.03279122413736357,0.0291475716182672
236,0.03300067652384664,0.003263919073281385
237,0.02882653274993363,0.08876616961592465
238,0.0314503089604482,0.030649800866849874
239,0.034107865202325005,0.007181388935394217
240,0.031567743762219824,0.003596128095503026
241,0.03169140993914765,0.007641735267667649
242,0.033704200034060494,0.007941530634151706
243,0.0339143059239414,0.007437946009086538
244,0.03278296962557703,0.05888500501729299
245,0.03044378969119188,0.0005000300455997309
246,0.030416350790208657,0.008618743438971066
247,0.031786270926087434,0.03345557620223216
248,0.03376381516209048,0.03424181869411391
249,0.03252465156256934,0.03095939964357275
250,0.030605561974554885,0.004666895329397125
251,0.033762587648059506,0.056530131109636894
252,0.029956470218723164,0.032272169848337806
253,0.03342738179565041,0.03998535400945935
254,0.028622544932488392,0.06368775022143403
255,0.029124628580743606,0.003409199271862784
256,0.031281481879557704,0.06324127950120373
257,0.029796432932545525,0.007325029287722273
258,0.028796264624086687,0.00148759446894553
259,0.032742466045332264,0.0005547087020627561
260,0.029751377911569676,0.030821280942789686
261,0.031799603486386885,0.00110449663497314
262,0.029293352743904766,0.0337381343644656
263,0.02979030687643247,0.007769436045337086
264,0.03231521059270315,0.05496373414794575
265,0.030306686006341232,0.0010188473635374118
266,0.029990299285452937,0.007505988837200661
267,0.03193600983207456,0.0016464380940642842
268,0.033442795990246355,0.1433921561577538
269,0.029143715809559434,0.0014004410674444134
270,0.031417286939632194,0.05735176098302108
271,0.03214951600167337,0.03554306461006629
272,0.03115729702191028,0.027528145647627733
273,0.031802586836886526,0.008149216011772431
274,0.03222319717375244,0.032268021977153505
275,0.03151529337142156,0.03769850575522593
276,0.0325583673998574,0.03667808872399858
277,0.02873416861480993,0.05394933667704083
278,0.03182796764057105,0.03124606984069833
279,0.02917276269676017,0.05907856500707709
280,0.03082194963869278,0.0005563517554967312
281,0.030027065165359912,0.00558180131782926
282,0.029059171099430348,0.03361436171967014
283,0.031028973335035737,0.05609872464421062
284,0.031444251174855053,0.026767839417707218
285,0.029904454514129153,0.05585825817489409
286,0.029357079486203252,0.03553648708071655
287,0.03141769187273724,0.033741922011448766
288,0.029092349208501567,0.00336065945213182
289,0.031576496075071736,0.00040411420999020287
290,0.03434624531400221,0.004197332523169561
291,0.03192399266221835,0.03230509977456952
292,0.031513297706371235,0.03300587881968353
293,0.032141178733520626,0.0006789901783036401
294,0.029825225506729947,0.0008369444084471711
295,0.030525493572842288,0.05678856493422901
296,0.03440605623283788,0.031099229810823026
297,0.03332947336445802,0.007233930792750032
298,0.03339280144561374,0.004100056969587151
299,0.02928524981420977,0.0004031469750684913
300,0.029886518312043142,0.060374734235540406
301,0.03270963591316289,0.02774656919980001
302,0.03014898228568108,0.036677094670998445
303,0.027589601665356067,0.08650455920804778
304,0.031895867282615176,0.03336521074956833
305,0.02880408526331235,0.030501600765172165
306,0.029647710022654872,0.009522783378845157
307,0.032956077904765735,0.03436161994639386
308,0.03320518190689936,0.062382952928990876
309,0.033963907174279995,0.00032594093891402665
310,0.02972167794843239,0.061794543303470784
311,0.03157633663341697,0.03925708567935071
312,0.03295407933160588,0.06089054476684641
313,0.028877596876127676,0.03613992810573308
314,0.029940664880727663,0.03084879351248171
315,0.031804649685684305,0.05909275696680205
316,0.03339847479111879,0.027045512106833147
317,0.03087206458353353,0.03289255931694335
318,0.0301634488357978,0.030056807337036084
319,0.03313091026977244,0.03273398328810917
320,0.030353358925790275,0.10505684332927823
321,0.03257106479261673,0.06310015947373837
322,0.0327348637456607,0.006652928156433147
323,0.03017537469342324,0.034348698042501624
324,0.02606406953320417,0.05634402944158645
325,0.03178295553397503,0.00029765110809432116
326,0.032156691584295016,0.03695441233897778
327,0.030990405036038005,0.0006157677756746249
328,0.032428950866630224,0.03469186166678828
329,0.02849831426142313,0.033116940757799584
330,0.02963960725863768,0.03463670201026359
331,0.02924006077826591,0.004139703775590808
332,0.031952840888910594,0.03094103299852624
333,0.02888233736220369,0.027519897928855896
334,0.03219943905731737,0.009043374792205405
335,0.030949677226819627,0.03478243291799643
336,0.03069441301348208,0.007080733214652191
337,0.028290686670707776,0.03797912143648852
338,0.033606382884822095,0.03818329920546781
339,0.03153847017034017,0.11002914578288214
340,0.03406863052998399,0.0074841444749444985
341,0.030659063531228714,0.0332134025424361
342,0.032616848012672284,0.004341905363504317
343,0.02885737348741979,0.029978160431632817
344,0.034278310970650816,0.057058570947594145
345,0.030415065691429155,0.05631755902735769
346,0.03240321166729587,0.0860703564634201
347,0.03385521490013377,0.027380563485619014
348,0.03111955604430028,0.00010363107812128014
349,0.03230391320393711,0.0015996669358175897
350,0.034180749776566044,0.00677677353843209
351,0.030493062844153207,0.0037058931587928834
352,0.030669685484000286,0.03308867263318338
353,0.0279222534984519,0.0569912383971698
354,0.02930001160854534,0.05907379361643761
355,0.032643563753688154,0.06021281798015876
356,0.03127408330935744,0.03717691471371154
357,0.0314968787391261,0.06274768177378887
358,0.030585292683581455,0.028072479360614522
359,0.029133148966468014,0.027126404081393996
360,0.030548291692710117,0.03414506446786636
361,0.03120864291429659,0.03056982477754222
362,0.029588290847675447,0.004072962713183803
363,0.03337307398479705,0.003877845615603226
364,0.029798339163626064,0.0011142390281421166
365,0.031753187575882746,0.003719469861760527
366,0.03141400579296416,0.03159094230709125
367,0.026004290632221316,0.07791853964138329
368,0.032221531302955464,0.00020297904970423275
369,0.028971967456290826,0.028296988260673617
370,0.0313151360837699,0.00687137046728048
371,0.03315433960167358,0.036096102514853845
372,0.032771650033764366,0.033512441357153144
373,0.03155127112985967,0.007545595552676532
374,0.030872443556536733,0.03763587840440408
375,0.03344465336392932,0.006778780861639411
376,0.03346499688551252,0.05556142717787005
377,0.03153836268626664,0.00010402953703392281
378,0.02676037596165426,0.03402719090122286
379,0.030873152690525485,0.030798219923825698
380,0.02886321910209899,0.057448646026890704
381,0.030791250161647743,0.02769304457615962
382,0.03019578659813582,0.014695122365822932
383,0.02940393634056948,0.00717221460614037
384,0.026205444233713737,0.05590239543159292
385,0.030016893232242325,0.001055198877101704
386,0.03116110079722345,0.03874284282742546
387,0.030795800370393867,0.03472862985301939
388,0.03033049607551741,0.00743576292894399
389,0.030041470042650342,0.035898482320152025
390,0.029307980847986914,0.07787962362516687
391,0.03274840447059968,0.03487969300243887
392,0.03084069254421884,0.02948839616170551
393,0.03227178061072644,0.004831527740386532
394,0.030740703540666825,0.06146273371250688
395,0.03208283253700883,0.13477283452701794
396,0.03177151216648477,0.05474134060224645
397,0.031843310873388764,0.060841880651573144
398,0.031488282175883064,0.05464160674043783
399,0.032142278947913105,0.0037549355985964095
400,0.033822694799277686,0.0005604384647875937
401,0.028104747545246278,0.028177128573295906
402,0.032260971984861664,0.03311797457726606
403,0.031660771772346274,0.0548828717431884
404,0.029898840180788477,0.05949733500241572
405,0.027982142752111416,0.029722284707024538
406,0.028046666645339946,0.009273589300745289
407,0.02962525675890837,0.007638008896528881
408,0.032380208075456274,0.007211031616801589
409,0.03341620573557924,0.06913616674154832
410,0.031044122121230533,0.003801458589558049
411,0.031012216505236667,0.054439188382521264
412,0.030776326489143302,0.08284758099435086
413,0.03267336777518415,0.039862549129117464
414,0.03314910857055442,0.06042845014437215
415,0.029444749455393326,0.01020779321134535
416,0.029608732634767043,0.05415882646098624
417,0.03022200583455459,0.06712557482145942
418,0.031467582743656686,0.03384716903244789
419,0.03066097942364787,0.033049602387664634
420,0.03540367198935257,0.09025406628388044
421,0.03011854169304007,0.05299240742021927
422,0.03033421974408479,0.06250570626976726
423,0.02876037391732389,0.00047551244638976975
424,0.034239805532180756,0.033160254908259024
425,0.03197593037550994,0.00363961670180879
426,0.027348644194043592,0.11337450800765658
427,0.03267272668618504,0.03067769710354562
428,0.02921708971033976,0.003691570196848626
429,0.033097838715040906,0.0003142544068768238
430,0.03432204344021961,0.032731382358688554
431,0.031533501122176455,0.0012247492371699753
432,0.02896118678453541,0.00021636027429305926
433,0.030348060293676427,0.04063219699985343
434,0.030507233756177143,0.06131806996511269
435,0.028933954857512045,0.08216914451257629
436,0.03042395433815437,0.005215833069870168
437,0.030191248940877435,0.004725270128846937
438,0.030182413525386753,0.0038597211291803157
439,0.0331679903515919,0.008262594342450358
440,0.03058213831389267,0.028032821328598745
441,0.031208542977302134,0.06023223333317129
442,0.030759273852045244,0.05479637446647101
443,0.028754249498434636,0.06092494832198758
444,0.034109884561926096,0.0037064479741404366
445,0.03177357021213689,0.027535447993794038
446,0.031120526941449178,0.000805753279856547
447,0.030737425968361154,0.03263205406913783
448,0.031877222358373536,0.027341189922096
449,0.030165290430966052,0.0012446682334399384
450,0.030507445744744954,0.0304718225116265
451,0.03378294137487292,0.03067603881696157
452,0.033501861849689396,0.033513219011591655
453,0.029287931839665382,0.030851191821763213
454,0.03041174298905802,0.00772716767142978
455,0.03209267977578334,0.026932091520035062
456,0.03163844312191133,0.005172703354550223
457,0.03254485454416045,0.060527631421587125
458,0.029821637291386982,0.005808110435869818
459,0.028923609415176132,0.030946524507911022
460,0.02932596039448776,0.0035899223776536537
461,0.030989227232464556,0.03341698480715993
462,0.033605330425400926,0.10281311139394111
463,0.029780386432987083,0.0005040180027614527
464,0.030420609492745943,0.0049613894566933325
465,0.028606970959863975,0.08459395736636977
466,0.02865276144846174,0.026701258510550607
467,0.031009337978773144,0.035042393150404916
468,0.03068497874109466,0.030897408823800765
469,0.02895716271143345,0.03154552305376701
470,0.028589148767502848,0.05552371677950407
471,0.03030760112699915,0.006934515609526737
472,0.0345357850689435,0.031713158388605
473,0.032374579992910824,0.027629760974582362
474,0.032420541366469435,0.05640842220015907
475,0.031152349830203763,0.05656503810147295
476,0.027792001823295887,0.08753991548035422
477,0.030559637155332275,0.03265857775019321
478,0.029935212933059008,0.030237083824136146
479,0.03527568409868964,0.006556358893926584
480,0.03204884723141599,0.0303549379187098
481,0.027735352066698415,0.12220583809621066
482,0.032990901964892294,0.08120263335260858
483,0.033392147535324934,0.00020121513537163516
484,0.030553676893461224,0.004517593178879342
485,0.029734880989840118,0.00490389912261846
486,0.03343828759534162,0.09355406141999334
487,0.03160399334177766,0.08343482802450031
488,0.03316324279622729,0.003980762987213393
489,0.029129056071642623,0.08088888651997728
490,0.031853099564588705,0.03497580003525036
491,0.030105406045788152,0.02634507331257363
492,0.03322021207440973,0.0010397019316392697
493,0.030690664647933574,0.04006466378808082
494,0.033138630988117646,0.057248152609620684
495,0.03159183859056136,0.03254923510259711
496,0.03223935643946885,0.03346103870321726
497,0.031022858057775382,0.03692043879568074
498,0.03176336418378112,0.026927506961229142
499,0.031142823267756303,0.056788533854374434
500,0.03276655925114835,0.000904979691560337
501,0.03138224635900233,0.036866340848910384
502,0.03103440379407507,0.08534026135705552
503,0.02924538396262022,0.0038824321327926015
504,0.03202397693596115,0.00019696145318193192
505,0.030918504572022942,0.0007966509136644317
506,0.02951594006097613,0.00409539598814701
507,0.0330455426808699,0.029953384500545965
508,0.02945845650906831,0.0003118703790858657
509,0.03362013992824353,0.00031182439047849897
510,0.030796561324833327,0.007628161167404723
511,0.03250126666136044,0.0423326032788951
512,0.03078303269390925,0.03701735306344256
513,0.03424889095555428,0.05798299501583948
514,0.029611152494095072,0.0006005621734797018
515,0.029928949899591717,0.06253027911554332
516,0.032440127639593475,0.03355545955419581
517,0.028966553787298288,0.010518757046986016
518,0.032020819710227855,0.008526259527881885
519,0.03428220635107171,0.004360517237499639
520,0.030777840369819565,0.05399059859899802
521,0.0318131514780462,0.03125300343347859
522,0.03125379964009767,0.003823479046308753
523,0.030686197677592397,0.0048786611632051224
524,0.02930615814399795,0.004776031668695113
525,0.030141794580743175,0.03233063887188292
526,0.031067566732799756,0.058981785390946895
527,0.029438604058961815,0.013617701425589268
528,0.030406927237004222,0.005179285678725609
529,0.030426066786710004,0.0569587380997254
530,0.03177298802071049,0.0306566358550322
531,0.02884275221220156,0.036926915401297
532,0.03203563780783669,0.030025643694855053
533,0.032083906160005116,0.07451559305142208
534,0.02972301198134386,0.06243755109131499
535,0.0320819125507521,0.063647647576768
536,0.030678932775704215,0.0037938637552057397
537,0.03111391929862628,0.02780227262167745
538,0.029590166940284268,0.03984253861786424
539,0.03415169177829358,0.0005302210753588277
540,0.031070624930134016,0.05908897786391687
541,0.031709111356725495,0.033241107663702696
542,0.03341983468840415,0.03767773578856093
543,0.029816161513789408,0.04180759182706906
544,0.03368305166411045,0.09069311033756478
545,0.03320682764541605,0.0071501947860379556
546,0.027506563160676567,0.02698152121618813
547,0.031827090375936784,0.0003815687604680207
548,0.03094073281930254,0.004013754060931851
549,0.03220074338794998,0.00022296563265589153
550,0.03283954532746769,0.036225669959224494
551,0.03172748624860422,0.0010967500337261127
552,0.03347902085514809,0.0007243268184479179
553,0.031118233080859592,0.014715035196940396
554,0.030503034554377417,0.034161355089044054
555,0.032133122524326874,0.030553893236717977
556,0.02978099786298727,0.08747241389344307
557,0.02845668311121685,0.06508695559918021
558,0.030466264481628258,0.03245950688003507
559,0.03202514949277879,0.04248822406736097
560,0.03154614779516185,0.0003535494684789864
561,0.03241958183619864,0.0038932921692311773
562,0.032054802022332796,0.010699782324816831
563,0.028393957350197008,0.086564741720221
564,0.0322336626701859,0.08637773555473915
565,0.03271596174041269,0.0550407123533605
566,0.030442266916357097,0.06938470635993177
567,0.031446272397833486,0.05934969860772221
568,0.03265685304801935,0.0007177906194806294
569,0.02927080294942419,0.036778971436949526
570,0.028085218727274763,0.004951219007892971
571,0.0313420699137541,0.05661899443483187
572,0.030577579096696672,0.08651103362864365
573,0.034513912371659794,0.00391209961977812
574,0.03295732640718996,0.0006173641345708081
575,0.029042753392570786,0.027155115181698775
576,0.03274191851027708,0.0
577,0.025684117728514866,0.0966941540090076
578,0.03148135319558587,0.001370224610966475
579,0.030084150970691392,0.0045176769201188405
580,0.02724198422211399,0.07118387620848421
581,0.02888562901945746,0.026820781973436736
582,0.03333439939964011,0.027085175895004587
583,0.03157613654246805,0.059300976622442714
584,0.03234195149974051,0.03125880720213314
585,0.03170015074163823,0.004421251399594595
586,0.029608545125490382,0.0006221910454533575
587,0.032316319309374286,0.004144077897367149
588,0.030007379825347957,0.0012291228873708704
589,0.02987555543012832,0.03285742172115458
590,0.03065216274184457,0.02788033402787926
591,0.035569321546174315,0.053520614956542145
592,0.02983483494004724,0.0043871641215338375
593,0.030042743035046837,0.026913578626269974
594,0.03157074446562447,0.03311631012145422
595,0.03076771283135349,0.004393606532813177
596,0.032654174408043746,0.03463683230363923
597,0.031531444871953584,0.06244960567913749
598,0.029175811928817907,0.000723742488846435
599,0.03527634339793018,0.001069291345698331
600,0.030306912081884407,0.03276906656519074
601,0.03262968800656307,0.030765189477446775
602,0.033582350236353364,0.05858488600949363
603,0.03256555679588258,0.03462357895055024
604,0.031091675301940125,0.00089982484697404
605,0.029637442431177385,0.033730740342135634
606,0.029473343138824326,0.030998226029496423
607,0.03330110753052751,0.0006060850678588636
608,0.031042885438526846,0.06304054590395503
609,0.029111017231226888,0.06613994455526817
610,0.02731246837493173,0.03665392122904643
611,0.03166846702854309,0.0002021091854880197
612,0.032738611166162834,0.030644729686895134
613,0.028523714996255167,0.030461050491614516
614,0.0333870818270352,0.004090135580805843
615,0.03155395066762645,0.004184709047945878
616,0.028147217835345795,0.007293747424795716
617,0.03145616733108492,0.0367598342033183
618,0.034831337661761386,0.05395456005057486
619,0.030726910517565598,0.0721331261641327
620,0.03140958280188133,0.004139389271979321
621,0.032241696120361985,0.0006157719061365974
622,0.030273378357380976,0.058044950415670815
623,0.03320322975535228,0.03350809969509694
624,0.03114648763950356,0.031289023042861186
625,0.034784589643067854,0.0540527252000359
626,0.027755377037960494,0.05808243157855786
627,0.029997218251486935,0.09663452252615468
628,0.029664450954526522,0.0005201131715747431
629,0.02975602524944032,0.03732452383712226
630,0.03149182201743517,0.026843303918154038
631,0.03201042302016033,0.05476398514241376
632,0.030551856687029755,0.02822037644172193
633,0.03152709545838328,0.06448750756200095
634,0.03231450457902185,0.1283382947123246
635,0.03007909987026769,0.057270376914930976
636,0.029074575254693258,0.007166217747082926
637,0.03271104790918411,0.040793396863450515
638,0.031445215961823925,0.032272293395328666
639,0.030629598405308767,0.007820519406924742
640,0.032013897232155974,0.0008798108514345149
641,0.029761778399518546,0.05765843605546994
642,0.031899000367464514,0.07556946892069705
643,0.029959686066643676,0.0007013137290057259
644,0.03253930588472631,0.0007290929262473433
645,0.032898695598506444,0.053737376422292926
646,0.02852120229338051,0.03248886722108546
647,0.03374619325063166,0.026950706111444234
648,0.029639442065709898,0.05711295872847133
649,0.031530509667931916,0.0038611340777874315
650,0.03423871276470969,0.06391894170739465
651,0.030320613114883543,0.06224930625483027
652,0.028093747476668485,0.06354771909061863
653,0.028962831570078507,0.027816466791430794
654,0.03152315795625882,0.028493405844942643
655,0.03274929269594795,0.039099712462704606
656,0.030297463588763618,0.03414921954116845
657,0.03418108984722679,0.026738555935238884
658,0.03173663696920648,0.11451455621593942
659,0.031463974918081394,0.06042284243682994
660,0.0305455098588181,0.03510319549620833
661,0.03157137854154224,0.03745816510954514
662,0.03275670750881099,0.06103315035417356
663,0.03311075020936738,0.031240364684101074
664,0.03083206321425558,0.05981764733646633
665,0.031058084009546683,0.00020086980111078123
666,0.03421092415226301,0.03199650961861311
667,0.02910238190814307,0.030659389672502146
668,0.029644287531872537,0.06082806211259606
669,0.029753326062716412,0.007040904988707131
670,0.028212052870827398,0.03427164504605895
671,0.03299758732161018,0.013030908031174349
672,0.03369772491632128,0.0283776997659958
673,0.03174910546871412,0.03436777366886157
674,0.029158417334417708,0.12631815760096687
675,0.028451752124682317,0.00701321686678591
676,0.0323988083783503,0.031066282588472438
677,0.033120098316682056,0.02715791587288441
678,0.031944122026622335,0.06003333384764009
679,0.0306867072133169,0.004641522142591725
680,0.03146069726956535,0.032949504698976284
681,0.03441599766553871,0.014592164139199504
682,0.030150930772456785,0.034301255599944014
683,0.02913250956379243,0.00031412869428004697
684,0.034358499252977515,0.03347082918744271
685,0.02857996320956624,0.03022006681192657
686,0.02980648274770603,0.03377186972844337
687,0.03129001650627328,0.06120904280358064
688,0.032009602848826035,0.06316981893672691
689,0.032236296661251385,0.08194115197468721
690,0.032325685349080646,0.05577484194582938
691,0.031057684649274053,0.05569533982849073
692,0.03142080280375725,0.030496354308430673
693,0.03341368925200083,0.08034870329508614
694,0.02848398794174445,0.032062365073003196
695,0.030854795084410358,0.1084874551114019
696,0.030170210713675538,0.004352886073179407
697,0.03085317886053285,0.034187061420354325
698,0.03246874182747528,0.03850631603696286
699,0.03243278641823988,0.0038394220749704555
700,0.030101628809156455,0.06080805297770164
701,0.031919979524348774,0.037191442154283605
702,0.030513276312004844,0.0005112667702626972
703,0.0316991036134322,0.06985363291702495
704,0.03338541756092339,0.032475705811876976
705,0.03030185313206324,0.0041960682822927975
706,0.029385604175109603,0.027898307214160978
707,0.031386023111189876,0.0013532637602229336
708,0.03164252798249012,0.0038832329873648153
709,0.030889543542700015,0.004401083865931743
710,0.03368436312200884,0.03202783221838956
711,0.03251441981348413,0.00043565283461255433
712,0.02959862485101905,0.0905705896378759
713,0.03274585638254501,0.0038108049725349424
714,0.03370524448097767,0.02936386485680431
715,0.030760414062617092,0.0006992185251946115
716,0.03087997343176574,0.0035186778439270094
717,0.03135612261185039,0.055976469519252836
718,0.03414648972341916,0.034231082050109496
719,0.0294195686757166,0.009902833423495183
720,0.030952481661960185,0.004823026448049661
721,0.03160946341803017,0.031162738239409737
722,0.03166665150659731,0.08394262033688804
723,0.032311111725261354,0.03184986727547778
724,0.03035753288899301,0.004694163486349101
725,0.030881085249826024,0.05481632594786001
726,0.030491881040143443,0.060457505351602325
727,0.032349270313473566,0.027757868284306042
728,0.03029159010604887,0.00040052971278559113
729,0.02976595993330622,0.006921239605876095
730,0.029556485473332228,0.0040406355916007275
731,0.03348155811101228,0.03688736907145651
732,0.029896859544260468,0.004302855845165432
733,0.03255897385561102,0.004707221442838083
734,0.03214875948773399,0.030505375113062283
735,0.031235756806567094,0.02816205317923104
736,0.03166749826278015,0.007060047092168009
737,0.03210870017934131,0.005213787987381924
738,0.032817969413240444,0.037570334263207994
739,0.030019030636752153,0.045557962949165254
740,0.030837384791915,0.0010365183396785493
741,0.033940712857765565,0.031163632077163772
742,0.029321509387992495,0.028375192870521926
743,0.03142108112071473,0.05552728987141664
744,0.033786437539271574,0.06280191193764884
745,0.03374556868779033,0.010043302226924178
746,0.03223346020922735,0.059706892384438603
747,0.032887673639715564,0.003972400559798972
748,0.03109413150561202,0.0005042199069887898
749,0.030007058332794934,0.03432675624186676
750,0.03219858737388093,0.05479267523821996
751,0.03400851402152871,0.007521423038941433
752,0.03412014111918793,0.003954043453725076
753,0.031153940273295877,0.030645020805623147
754,0.030653296348628345,0.05675886033564925
755,0.029323745532290113,0.00742605801761087
756,0.029589927001301364,0.03183983966133974
757,0.028091125329696265,0.0012181869052091399
758,0.02984340306202138,0.033781811997057876
759,0.032474899116825884,0.09913809327185519
760,0.030716012731307307,0.0005049955455446176
761,0.03288682135255949,0.007060566835012216
762,0.029885056751129957,0.030705957551038
763,0.030921982771080714,0.010428030331747773
764,0.03241234885869604,0.11347354086575578
765,0.029928703525278988,0.055172868733776914
766,0.03097876450345738,0.03382821483973664
767,0.030665429413683665,0.05628893722871364
768,0.02987462744420122,0.0009020240335833041
769,0.02984315662598025,0.00438159077461886
770,0.030973514609586306,0.005490934622098154
771,0.032524450341337996,0.05675846139007579
772,0.02651783566318855,0.042466033647498014
773,0.031006252615198404,0.03284684450930753
774,0.029733168128432075,0.05765028619981927
775,0.03227929429538279,0.032617562931018806
776,0.030461927926418997,0.0011890725946236413
777,0.033340923475928874,0.003910692656418302
778,0.03450957917877773,0.08128053643064503
779,0.036085159983784254,0.004532235558795006
780,0.030506697310024533,0.028704215427351243
781,0.028728610556398193,0.004696676911894904
782,0.034299545274914967,0.08263224704811079
783,0.03251640170536718,0.004312441371637887
784,0.031063515392668606,0.027969823251930204
785,0.03286803375274672,0.060928537117625914
786,0.030288648150796127,0.0631693698748268
787,0.031474355701711976,0.06304883169970021
788,0.027879552833916077,0.0003295906578473229
789,0.03377554926639981,0.03136963233283607
790,0.02793241872147334,0.027210884940893965
791,0.03206599404786581,0.0564782629571996
792,0.03362674115622766,0.02733677243978372
793,0.03430055786612718,0.027623914265910043
794,0.03214068328297759,0.08626271148766085
795,0.031368258682200834,0.03487604696180013
796,0.02909122511630935,0.030522719696263412
797,0.027722043389267648,0.008080112533432326
798,0.03104940033252812,0.05958932567004627
799,0.0333852340290387,0.02658966074283653
800,0.03085407522391559,0.11344839149126196
801,0.031589944386230195,0.0035830339949023404
802,0.028916616818400298,0.003944080658546678
803,0.031015748066914872,0.06382790944527028
804,0.0317753429378006,0.03289177414393507
805,0.03029908371709311,0.03050413437672872
806,0.03244908522211376,0.06417286901910202
807,0.029243404391156247,0.02999864832806942
808,0.031266191294085255,0.00010308484453558364
809,0.029403104611957054,0.03589589848116548
810,0.030524357833029647,0.06415868719941231
811,0.029963360127705174,0.04292308569505132
812,0.035849156673228855,0.05726490184754285
813,0.03273157146506256,0.08364095711433162
814,0.02806461810554639,0.035624612661874444
815,0.03289598537237315,0.044629743706425584
816,0.032085182117397304,0.02698858919807212
817,0.030599192821415433,0.058621099809760824
818,0.03225413649009434,0.031459573878028446
819,0.03206705911058161,0.029319367022806575
820,0.0320951717002268,0.062353712259606064
821,0.030430913195739318,0.10777550777307199
822,0.031202826350463897,0.030442712637089975
823,0.030906791090355767,0.03065896543541713
824,0.030840265778252607,0.03347107463729648
825,0.03236418979734912,0.0015448516698033377
826,0.0318571244611322,0.02722410833488087
827,0.030694893685380364,0.026560400033181608
828,0.030377568652128484,0.028382812272926827
829,0.031473518199549244,0.004092247270353622
830,0.03317045197609281,0.03374712682677328
831,0.028484744230709014,0.004053051245964445
832,0.029167172179225043,0.1075331787973226
833,0.031247324483391736,0.03657589185165233
834,0.03447824770763408,0.0009051341625506693
835,0.030758288856925997,0.00772673399971846
836,0.028653054957420876,0.02869546644989507
837,0.032863018598686344,0.02868494278611078
838,0.03325150547540945,0.00034042728117322785
839,0.02892470746399023,0.0036943147498258444
840,0.03205627687086687,0.03030003227314937
841,0.03005680943936384,0.03115499274349931
842,0.026946217306381914,0.0006998911994547941
843,0.031838438786658596,0.005396246174277586
844,0.032427264699499636,0.0074646889610500144
845,0.030941497578264254,0.004346450089028897
846,0.03373106884644517,0.032292582871344955
847,0.03124301838549015,0.005348310192286654
848,0.03050201271985198,0.00439913437606454
849,0.031513167772587614,0.05573782071614741
850,0.0321150570823624,0.0005490040217920322
851,0.03165005375953678,0.03401392125285296
852,0.028075039129462964,0.0005158623750634028
853,0.030756082396697138,0.08420798437888655
854,0.028107393494225863,0.004605692247712123
855,0.034624638190981494,0.03607489780013495
856,0.02913743949555636,0.029357481746090208
857,0.02850068423335994,0.03218904209538542
858,0.03235430695618824,0.031058980489163446
859,0.03200235965846643,0.05737176210736261
860,0.03248123761569843,0.06026064905570738
861,0.030140292408970426,0.036246335540531804
862,0.02941662019316671,0.0349517460923795
863,0.029642508895961317,0.004826964295814751
864,0.03373742836850746,0.03306575026251157
865,0.03449568647460022,0.07811260058338954
866,0.032043030481962,0.030618030602068913
867,0.03102667722575181,0.034894562102447124
868,0.03221658864140087,0.029979286124477422
869,0.03129419512310694,0.035089941838546634
870,0.030440096325569876,0.08623648237321924
871,0.03068796326666523,0.005004962464148277
872,0.028817813737848308,0.02770891473287862
873,0.03186316024132285,0.00020141673343321287
874,0.03245001056114438,0.03127318018641856
875,0.03134332306972809,0.05649633748717675
876,0.03271961356061648,0.08350288052569033
877,0.03105326909059425,0.09596095620093048
878,0.030655974901685035,0.05704737064995591
879,0.030136268572233282,0.04216656435748234
880,0.028716889298024295,0.057140730204467305
881,0.031288793929766134,0.0009452512503631549
882,0.032622109662307386,0.1591820823614336
883,0.03223111797615075,0.0305351536827404
884,0.03176827213158251,0.028333066478266833
885,0.03191176170904364,0.03404284471094099
886,0.027438023714496884,0.028505158936115604
887,0.029085496893692775,0.03362561204122505
888,0.03066040168170092,0.005588599480287337
889,0.030402091381985907,0.0011455901940078395
890,0.0318562627586948,0.004082421172337036
891,0.03131356593440504,0.02780219068366463
892,0.03147441038275245,0.059481071455697365
893,0.027906429999123517,0.07199325649528188
894,0.03206573442003158,0.004247264449338761
895,0.033095528033266985,0.005318020042715088
896,0.028275638746672604,0.004124018039218913
897,0.029311176758500257,0.007378200853081718
898,0.029079551675327275,0.0036102246419937867
899,0.027748632483004743,0.011295309104540019
900,0.030014417133225724,0.00391734290665724
901,0.02941539479426225,0.03580213867634052
902,0.0313713629289647,0.0044074390628077165
903,0.03102342426654847,0.030532248092824732
904,0.0334664407299482,0.026749615139153526
905,0.03019693880566665,0.007679539860677487
906,0.03202471305063781,0.0334434084616313
907,0.03369175831991167,0.033049602387664634
908,0.030644016473401536,0.028726706179901473
909,0.030481428057391513,0.0007000837591156772
910,0.03272092297211149,0.053456602496722905
911,0.032481307362866474,0.061212662181133526
912,0.028479702660948347,0.08650274297829741
913,0.03197294438728082,0.035268207090138115
914,0.030791477014254,0.027412228846639186
915,0.03136501196501307,0.062499063961699686
916,0.028918413253486097,0.00021191063594439008
917,0.03221899893190394,0.0076890691838271685
918,0.03179932119158568,0.05405475033865248
919,0.031442412274831466,0.08343698770718244
920,0.030869568343066756,0.057997100980928584
921,0.029183474760253625,0.05444186160091424
922,0.03142740342395367,0.06118613995219624
923,0.03180526091675806,0.0038105494913518445
924,0.03299880631937835,0.03109942760680584
925,0.03032478314373832,0.00440683947118703
926,0.026371850631127236,0.08094552149722722
927,0.03370370968295833,0.05653163626071345
928,0.028938219221212647,0.033636146896503405
929,0.03158492206281449,0.0003015233722135635
930,0.02888818087146161,0.00030119115821070075
931,0.03191604173693652,0.11675224399125606
932,0.031824154524816795,0.037686242527036784
933,0.03080085823748291,0.028339170197425267
934,0.03140702208725177,9.591920930596132e-05
935,0.03271104632210231,0.06089253275931139
936,0.028847432458435573,0.010167448639751164
937,0.03299278983424092,0.05377275863160347
938,0.03359430097091076,0.05774752766834468
939,0.031354655925826314,0.03377207228299983
940,0.027443697360646224,0.03151475988581054
941,0.030204179539647602,0.03118932382901085
942,0.03092746836929694,0.03601718527308384
943,0.030662824564887226,0.05675345740144089
944,0.03157010709756525,0.03713697774781022
945,0.0288048096370227,0.0643477267786926
946,0.03038585544369088,0.035626057264735334
947,0.032545109536074035,0.031673079248973446
948,0.029468589550470714,0.04569842478346575
949,0.02948079224749156,0.0009800643301324241
950,0.028529114499946884,0.03602903755187847
951,0.03280686860662818,0.013562575351718897
952,0.03168517032699525,0.0014022441093293203
953,0.029711166966398528,0.05619923672280125
954,0.03225791296136793,0.028381429305589845
955,0.03271561007404544,0.061528537117925386
956,0.028534298761742516,0.03050975353690455
957,0.033823752590799616,0.0043884551983580655
958,0.03319536180837046,0.029275849290088085
959,0.032979617084999635,0.033079244521364015
960,0.033874654718548,0.0569468197744617
961,0.03041461610527907,0.036724015659303166
962,0.029414530317536824,0.057470392110965496
963,0.03304226019387024,0.008168983892886672
964,0.03288903056026471,0.0832095764407148
965,0.029116076298016047,0.027174503878640177
966,0.0365247516875733,0.03378283014165606
967,0.02998966552919513,0.0311203050193547
968,0.030377214143549658,0.05852142988951814
969,0.03168966822843966,0.03627558865375713
970,0.03213887495165435,0.029561273051240566
971,0.034212730154497106,0.06549974854405483
972,0.030598416523674232,0.0036149440507131647
973,0.030348049606751637,0.003403894726633272
974,0.030912029739133873,0.039444172923918885
975,0.032256440670550335,0.03370677783420972
976,0.0313427773238647,0.0071147912409181835
977,0.030719949056176032,0.013990851417071792
978,0.03211217629073748,0.03945406790795014
979,0.03039636215808217,0.02670546711512456
980,0.03320537176719518,0.007034173444186442
981,0.02987589711920291,0.058239333769409596
982,0.03200807129112526,0.005734076282568168
983,0.032519650720533644,0.050466859584287094
984,0.03382700158964291,0.04439685541972305
985,0.030935517812471947,0.030107700505371926
986,0.030089992085824635,0.007212107920584909
987,0.031220734785162074,0.028097862782676786
988,0.03121594922292026,0.0006653310473414553
989,0.030720376276142436,0.08107405334158424
990,0.03038924539849186,0.05553960006408931
991,0.030438625503796946,0.0339627350902556
992,0.03309116912470944,0.013920404761687766
993,0.0306020939844045,0.011248967609338911
994,0.0330520773055184,0.00660629576853311
995,0.030272956666554385,0.027287308568828772
996,0.030471267166925053,0.00032505708149765944
997,0.031177366547364027,0.03206269563627184
998,0.032196355671330834,0.0047897424661935695
999,0.030146319249386266,0.03325822637157261
