capture_id,role,binary_label,browser,tool,resolver,official_csv_entry,official_csv_rows,tls_stream_count,aligned_supervised_doh,non_doh_ood_only,short_tls_stream,unmatched_tls_stream
fresh-c149f87859de484c00ed,development,benign,firefox,,cloudflare,CSVs/Firefox/Separate/dump.003ce1.csv,90260,69535,903,67528,1104,
fresh-6dd7464fd001a2038f80,development,benign,firefox,,cloudflare,CSVs/Firefox/Separate/dump.003ce1.csv,90260,75828,1106,67531,1104,6087
fresh-732f9a0511e116dad7ad,development,benign,firefox,,quad9,CSVs/Firefox/Separate/dump.6dbe55.csv,92670,72971,1682,70085,1204,
fresh-1e2c8af679f3b99fa4af,development,malicious,,dnscat2,,CSVs/dnscat2/Separate/dsncat2_default-tunnel_99911_doh8_2020-03-25T06:59:18.126697.csv,6,1,1,,,
fresh-7e88de5cd3139ca04890,development,malicious,,dnscat2,,CSVs/dnscat2/Separate/dsncat2_default-tunnel_dnsadguardcom_doh4_2020-03-28T17:29:19.375480.csv,2,1,1,,,
fresh-0268f892a23c38d1aa76,development,malicious,,dnscat2,,CSVs/dnscat2/Separate/dsncat2_default-tunnel_99911_doh9_2020-03-25T02:47:28.911404.csv,6,1,1,,,
fresh-67472420714256d28142,development,malicious,,dnscat2,,CSVs/dnscat2/Separate/dsncat2_default-tunnel_99911_doh8_2020-03-25T13:57:55.571021.csv,6,1,1,,,
fresh-6f0f128de4e560e7aef0,development,malicious,,dnscat2,,CSVs/dnscat2/Separate/dsncat2_default-tunnel_dnsadguardcom_doh6_2020-03-29T08:13:08.843891.csv,2,1,1,,,
fresh-ed6b5b86a5f916ffb72c,development,malicious,,dnscat2,,CSVs/dnscat2/Separate/dsncat2_default-tunnel_99911_doh9_2020-03-24T21:38:09.404981.csv,6,1,1,,,
fresh-376c3297c78f05c86957,development,malicious,,dnscat2,,CSVs/dnscat2/Separate/dsncat2_default-tunnel_dnsadguardcom_doh2_2020-03-29T00:23:55.752946.csv,2,1,1,,,
fresh-a5b950bf723f54e11792,development,malicious,,dnscat2,,CSVs/dnscat2/Separate/dsncat2_default-tunnel_dnsadguardcom_doh3_2020-03-29T09:08:29.630071.csv,2,1,1,,,
fresh-b937fd2fc9f121b70cd6,development,malicious,,dnscat2,,CSVs/dnscat2/Separate/dsncat2_default-tunnel_dnsadguardcom_doh5_2020-03-28T18:52:14.764661.csv,2,1,1,,,
fresh-e4f83f45e8ff957bee8c,development,malicious,,dnscat2,,CSVs/dnscat2/Separate/dsncat2_default-tunnel_dnsadguardcom_doh6_2020-03-28T12:25:16.447878.csv,2,1,1,,,
fresh-eb2f88cdee651d3323af,development,malicious,,dnscat2,,CSVs/dnscat2/Separate/dsncat2_default-tunnel_99911_doh7_2020-03-25T14:25:40.902981.csv,6,1,1,,,
fresh-0d7778f9051b3e42ccf7,development,malicious,,dnscat2,,CSVs/dnscat2/Separate/dsncat2_default-tunnel_99911_doh7_2020-03-25T08:23:30.839066.csv,6,1,1,,,
fresh-febb67cd4a3535051299,development,malicious,,dnscat2,,CSVs/dnscat2/Separate/dsncat2_default-tunnel_99911_doh8_2020-03-25T16:44:50.689568.csv,6,1,1,,,
fresh-e634e35ab6f6af0c342e,development,malicious,,dnscat2,,CSVs/dnscat2/Separate/dsncat2_default-tunnel_dnsadguardcom_doh2_2020-03-29T07:45:25.017052.csv,2,1,1,,,
fresh-dc4ec0796136c7c17ce5,development,malicious,,dnscat2,,CSVs/dnscat2/Separate/dsncat2_default-tunnel_dnsadguardcom_doh6_2020-03-28T10:34:43.805933.csv,2,1,1,,,
fresh-267eef22d46e5c1c6f97,development,malicious,,dnscat2,,CSVs/dnscat2/Separate/dsncat2_default-tunnel_dnsadguardcom_doh3_2020-03-28T13:20:27.949298.csv,2,1,1,,,
fresh-732867d4df13923c1e44,development,malicious,,dnscat2,,CSVs/dnscat2/Separate/dsncat2_default-tunnel_99911_doh9_2020-03-25T20:30:42.603998.csv,6,1,1,,,
fresh-0123df13a48e170febd0,development,malicious,,dnscat2,,CSVs/dnscat2/Separate/dsncat2_default-tunnel_99911_doh10_2020-03-25T06:03:31.438806.csv,6,1,1,,,
fresh-2a4f67d01677891321a0,development,malicious,,dnscat2,,CSVs/dnscat2/Separate/dsncat2_default-tunnel_99911_doh7_2020-03-25T09:47:18.119864.csv,6,1,1,,,
fresh-f4de9d9b0014027d284d,development,malicious,,dnscat2,,CSVs/dnscat2/Separate/dsncat2_default-tunnel_dnsadguardcom_doh5_2020-03-29T04:04:45.346398.csv,2,1,1,,,
fresh-6fe9c7ae0c822fbb7dcc,development,malicious,,dnscat2,,CSVs/dnscat2/Separate/dsncat2_default-tunnel_99911_doh9_2020-03-25T13:57:56.317252.csv,6,1,1,,,
fresh-7faa22159e097a55e14a,development,malicious,,dnscat2,,CSVs/dnscat2/Separate/dsncat2_default-tunnel_99911_doh10_2020-03-25T02:19:19.028160.csv,6,1,1,,,
fresh-84742a8bd01fb339cd36,development,malicious,,dnscat2,,CSVs/dnscat2/Separate/dsncat2_default-tunnel_dnsadguardcom_doh3_2020-03-28T10:34:42.594542.csv,2,1,1,,,
fresh-071afaf239096772416f,development,malicious,,dnscat2,,CSVs/dnscat2/Separate/dsncat2_default-tunnel_dnsadguardcom_doh2_2020-03-29T02:14:21.723498.csv,2,1,1,,,
fresh-8c0e0f16acf958821c3f,development,malicious,,dnscat2,,CSVs/dnscat2/Separate/dsncat2_default-tunnel_99911_doh7_2020-03-25T20:30:40.028345.csv,6,1,1,,,
fresh-683c61dfc474e13be750,development,malicious,,dnscat2,,CSVs/dnscat2/Separate/dsncat2_default-tunnel_99911_doh7_2020-03-25T05:35:39.176601.csv,6,1,1,,,
fresh-cd87f9a7bb48ab56cf1f,development,malicious,,dnscat2,,CSVs/dnscat2/Separate/dsncat2_default-tunnel_dnsadguardcom_doh5_2020-03-29T05:55:06.449196.csv,2,1,1,,,
fresh-9636bdb17b47fb48e4bc,development,malicious,,dnscat2,,CSVs/dnscat2/Separate/dsncat2_default-tunnel_dnsadguardcom_doh1_2020-03-29T08:13:06.491347.csv,26,14,14,,,
fresh-97b1a4bb647043a431b5,development,malicious,,dnscat2,,CSVs/dnscat2/Separate/dsncat2_default-tunnel_99911_doh9_2020-03-25T15:21:12.268187.csv,6,1,1,,,
fresh-e73fd09a698c83557888,development,malicious,,dnscat2,,CSVs/dnscat2/Separate/dsncat2_default-tunnel_dnsadguardcom_doh4_2020-03-29T02:14:22.498811.csv,2,1,1,,,
fresh-5ac33e4abefb46922635,development,malicious,,dnscat2,,CSVs/dnscat2/Separate/dsncat2_default-tunnel_99911_doh7_2020-03-25T14:53:25.940450.csv,6,1,1,,,
fresh-5288058ed23fab14c027,development,malicious,,dnscat2,,CSVs/dnscat2/Separate/dsncat2_default-tunnel_99911_doh9_2020-03-25T03:15:37.332324.csv,6,1,1,,,
fresh-08dba6245b6a78e019c7,development,malicious,,dnscat2,,CSVs/dnscat2/Separate/dsncat2_default-tunnel_dnsadguardcom_doh1_2020-03-29T04:32:18.916823.csv,26,14,14,,,
fresh-daced2f109ed42db0b90,development,malicious,,dnscat2,,CSVs/dnscat2/Separate/dsncat2_default-tunnel_dnsadguardcom_doh6_2020-03-28T19:19:51.629894.csv,2,1,1,,,
fresh-d077ece94aafaf361d8b,development,malicious,,dnscat2,,CSVs/dnscat2/Separate/dsncat2_default-tunnel_dnsadguardcom_doh2_2020-03-28T17:29:18.365120.csv,2,1,1,,,
fresh-a4fadb415dcf4bcb6a37,development,malicious,,dnscat2,,CSVs/dnscat2/Separate/dsncat2_default-tunnel_dnsadguardcom_doh5_2020-03-28T08:16:20.910993.csv,2,1,1,,,
fresh-0ad44685ff674c4506e4,development,malicious,,dnscat2,,CSVs/dnscat2/Separate/dsncat2_default-tunnel_dnsadguardcom_doh3_2020-03-29T10:03:45.953873.csv,2,1,1,,,
fresh-06134eef11d8fcdce469,development,malicious,,dnscat2,,CSVs/dnscat2/Separate/dsncat2_default-tunnel_99911_doh7_2020-03-25T04:11:35.267767.csv,6,1,1,,,
fresh-fb39c75afd545124543b,development,malicious,,dnscat2,,CSVs/dnscat2/Separate/dsncat2_default-tunnel_99911_doh9_2020-03-25T04:11:38.075144.csv,6,1,1,,,
fresh-2e18c3015c3d3c93662e,development,malicious,,dnscat2,,CSVs/dnscat2/Separate/dsncat2_default-tunnel_99911_doh9_2020-03-25T20:58:46.753299.csv,5,1,1,,,
fresh-6a782fdb5bfec5bf7d76,development,malicious,,dnscat2,,CSVs/dnscat2/Separate/dsncat2_default-tunnel_dnsadguardcom_doh2_2020-03-29T08:13:07.276750.csv,2,1,1,,,
fresh-1c919e0f963507fd0d5e,development,malicious,,dnscat2,,CSVs/dnscat2/Separate/dsncat2_default-tunnel_dnsadguardcom_doh2_2020-03-29T04:32:21.431738.csv,2,1,1,,,
fresh-11e61efb48f8c4534221,development,malicious,,dnscat2,,CSVs/dnscat2/Separate/dsncat2_default-tunnel_dnsadguardcom_doh3_2020-03-29T04:59:58.040597.csv,2,1,1,,,
fresh-6503b8659789d479f6b4,development,malicious,,dnscat2,,CSVs/dnscat2/Separate/dsncat2_default-tunnel_99911_doh9_2020-03-25T12:06:44.651673.csv,6,1,1,,,
fresh-f0c797c21afcac6ae535,development,malicious,,dnscat2,,CSVs/dnscat2/Separate/dsncat2_default-tunnel_99911_doh8_2020-03-25T11:10:58.917702.csv,6,1,1,,,
fresh-b0fbd2483ac2b48e22bc,development,malicious,,dnscat2,,CSVs/dnscat2/Separate/dsncat2_default-tunnel_dnsadguardcom_doh2_2020-03-28T08:16:19.801143.csv,2,1,1,,,
fresh-7afe17e8f7715430f468,development,malicious,,dnscat2,,CSVs/dnscat2/Separate/dsncat2_default-tunnel_dnsadguardcom_doh1_2020-03-29T06:22:39.439895.csv,26,14,14,,,
fresh-d15162aae8098bfa7292,development,malicious,,dnscat2,,CSVs/dnscat2/Separate/dsncat2_default-tunnel_dnsadguardcom_doh4_2020-03-28T07:21:03.361021.csv,2,1,1,,,
fresh-a38ca49ef2158c914c6a,development,malicious,,dnscat2,,CSVs/dnscat2/Separate/dsncat2_default-tunnel_99911_doh8_2020-03-24T23:03:00.878555.csv,6,1,1,,,
fresh-4a879be04d8a02297126,development,malicious,,dnscat2,,CSVs/dnscat2/Separate/dsncat2_default-tunnel_dnsadguardcom_doh5_2020-03-28T16:34:02.428848.csv,2,1,1,,,
fresh-746b655f7ac9b5119336,development,malicious,,dnscat2,,CSVs/dnscat2/Separate/dsncat2_default-tunnel_99911_doh10_2020-03-25T20:58:47.806349.csv,6,1,1,,,
fresh-5133d98af944da3cabce,development,malicious,,dnscat2,,CSVs/dnscat2/Separate/dsncat2_default-tunnel_dnsadguardcom_doh5_2020-03-29T02:14:22.918008.csv,2,1,1,,,
fresh-5099fd2b2b188bd66a83,development,malicious,,dnscat2,,CSVs/dnscat2/Separate/dsncat2_default-tunnel_dnsadguardcom_doh2_2020-03-28T07:21:02.520399.csv,2,1,1,,,
fresh-bb848411deff3aca94e8,development,malicious,,dnscat2,,CSVs/dnscat2/Separate/dsncat2_default-tunnel_dnsadguardcom_doh5_2020-03-29T04:32:22.595472.csv,2,1,1,,,
fresh-8b59754562ecdb0eac21,development,malicious,,dnscat2,,CSVs/dnscat2/Separate/dsncat2_default-tunnel_dnsadguardcom_doh6_2020-03-28T10:07:00.629365.csv,2,1,1,,,
fresh-5500a3444f6a26bc6a31,development,malicious,,dnscat2,,CSVs/dnscat2/Separate/dsncat2_default-tunnel_dnsadguardcom_doh5_2020-03-29T00:23:56.908869.csv,2,1,1,,,
fresh-702d51bcf9c9fad62eba,development,malicious,,dnscat2,,CSVs/dnscat2/Separate/dsncat2_default-tunnel_dnsadguardcom_doh6_2020-03-29T09:08:31.017464.csv,2,1,1,,,
fresh-7c652eab15af2ebca325,development,malicious,,dnscat2,,CSVs/dnscat2/Separate/dsncat2_default-tunnel_dnsadguardcom_doh4_2020-03-28T19:19:50.855460.csv,2,1,1,,,
fresh-66f4a3e31aceaae54cab,development,malicious,,dnscat2,,CSVs/dnscat2/Separate/dsncat2_default-tunnel_dnsadguardcom_doh4_2020-03-29T08:13:08.070459.csv,2,1,1,,,
fresh-d22f370d63b5492406f8,development,malicious,,dnscat2,,CSVs/dnscat2/Separate/dsncat2_default-tunnel_dnsadguardcom_doh1_2020-03-28T16:06:20.787810.csv,20,10,10,,,
fresh-b3a2ea3ff21e8eeaeea5,development,malicious,,dnscat2,,CSVs/dnscat2/Separate/dsncat2_default-tunnel_dnsadguardcom_doh6_2020-03-29T10:31:25.859053.csv,2,1,1,,,
fresh-24b36b7f099d5d05751c,development,malicious,,dnscat2,,CSVs/dnscat2/Separate/dsncat2_default-tunnel_99911_doh10_2020-03-25T05:35:41.788770.csv,6,1,1,,,
fresh-0fd9dc5d3cb59975b650,development,malicious,,dnscat2,,CSVs/dnscat2/Separate/dsncat2_default-tunnel_99911_doh7_2020-03-25T18:37:40.511793.csv,6,1,1,,,
fresh-5dc31bac0be041f8b82a,development,malicious,,dnscat2,,CSVs/dnscat2/Separate/dsncat2_default-tunnel_dnsadguardcom_doh6_2020-03-29T03:37:08.839851.csv,2,1,1,,,
fresh-eeef8c63a84ae476a0e2,development,malicious,,dnscat2,,CSVs/dnscat2/Separate/dsncat2_default-tunnel_99911_doh8_2020-03-25T06:03:29.759666.csv,8,2,1,1,,
fresh-d84abceb008be4b09beb,development,malicious,,dnscat2,,CSVs/dnscat2/Separate/dsncat2_default-tunnel_dnsadguardcom_doh5_2020-03-28T20:15:08.927344.csv,2,1,1,,,
fresh-f2a7ee14e1d0e046f746,development,malicious,,dnscat2,,CSVs/dnscat2/Separate/dsncat2_default-tunnel_dnsadguardcom_doh1_2020-03-28T18:24:34.719863.csv,26,14,14,,,
fresh-d86b7764aff123170707,development,malicious,,dnscat2,,CSVs/dnscat2/Separate/dsncat2_default-tunnel_99911_doh8_2020-03-25T22:22:52.923530.csv,6,1,1,,,
fresh-769478e9864d43366158,development,malicious,,dnscat2,,CSVs/dnscat2/Separate/dsncat2_default-tunnel_99911_doh10_2020-03-24T23:31:08.058724.csv,6,1,1,,,
fresh-c6b90f4ea3b9882ea633,development,malicious,,dnscat2,,CSVs/dnscat2/Separate/dsncat2_default-tunnel_dnsadguardcom_doh3_2020-03-28T11:57:37.589213.csv,2,1,1,,,
fresh-cefc1f8e6a9377e87ac6,development,malicious,,dnscat2,,CSVs/dnscat2/Separate/dsncat2_default-tunnel_dnsadguardcom_doh4_2020-03-28T13:48:04.886441.csv,2,1,1,,,
fresh-32e7dda332fcb31b2b5d,development,malicious,,dnscat2,,CSVs/dnscat2/Separate/dsncat2_default-tunnel_dnsadguardcom_doh1_2020-03-28T12:52:51.488381.csv,26,14,14,,,
fresh-e5d6b8e489a5b3a32fdc,development,malicious,,dnscat2,,CSVs/dnscat2/Separate/dsncat2_default-tunnel_dnsadguardcom_doh6_2020-03-29T04:32:22.929101.csv,2,1,1,,,
fresh-4729a42f7aee9e4d338d,development,malicious,,dnscat2,,CSVs/dnscat2/Separate/dsncat2_default-tunnel_dnsadguardcom_doh6_2020-03-28T11:57:38.796046.csv,2,1,1,,,
fresh-54a525e9ed8f31994aee,development,malicious,,dnscat2,,CSVs/dnscat2/Separate/dsncat2_default-tunnel_99911_doh10_2020-03-25T07:55:34.886742.csv,6,1,1,,,
fresh-4e99e836bf2bdcf8df0f,development,malicious,,dnscat2,,CSVs/dnscat2/Separate/dsncat2_default-tunnel_dnsadguardcom_doh1_2020-03-29T03:09:31.581883.csv,26,14,14,,,
fresh-94da4b0abd4de5eec128,development,malicious,,dnscat2,,CSVs/dnscat2/Separate/dsncat2_default-tunnel_dnsadguardcom_doh6_2020-03-28T20:15:09.496146.csv,2,1,1,,,
fresh-adeeae27c03efaa28f8c,development,malicious,,dnscat2,,CSVs/dnscat2/Separate/dsncat2_default-tunnel_99911_doh8_2020-03-25T02:19:16.504881.csv,6,1,1,,,
fresh-2c4a0ea441587a5dd588,development,malicious,,dnscat2,,CSVs/dnscat2/Separate/dsncat2_default-tunnel_99911_doh7_2020-03-26T00:42:12.324826.csv,6,1,1,,,
fresh-05189ffab558483527cd,development,malicious,,dnscat2,,CSVs/dnscat2/Separate/dsncat2_default-tunnel_99911_doh7_2020-03-25T07:27:25.297131.csv,6,1,1,,,
fresh-f91eb6d042b287ddccb9,development,malicious,,iodine,,CSVs/iodine/Separate/iodine_null-64-tunnel_dnsadguardcom_doh3_2020-03-22T18:47:04.414245.csv,7,2,2,,,
fresh-ef757b8f811da3522d56,development,malicious,,iodine,,CSVs/iodine/Separate/iodine_null-64-tunnel_99911_doh7_2020-03-20T08:15:43.088850.csv,6,1,1,,,
fresh-88bd1156331ef4d322ea,development,malicious,,iodine,,CSVs/iodine/Separate/iodine_null-64-tunnel_dnsgoogle_doh1_2020-03-20T08:04:01.133548.csv,27,11,11,,,
fresh-787a30a522081b077b1b,development,malicious,,iodine,,CSVs/iodine/Separate/iodine_null-64-tunnel_dnsgoogle_doh1_2020-03-20T04:38:37.589979.csv,27,11,11,,,
fresh-419e00146b1a437a3bb4,development,malicious,,iodine,,CSVs/iodine/Separate/iodine_null-64-tunnel_dnsadguardcom_doh1_2020-03-22T21:32:22.028026.csv,26,14,14,,,
fresh-3bb9c03925516397b13a,development,malicious,,iodine,,CSVs/iodine/Separate/iodine_null-64-tunnel_99911_doh5_2020-03-20T09:24:37.967399.csv,6,1,1,,,
fresh-bf4cf1cbbe4c844ec781,development,malicious,,iodine,,CSVs/iodine/Separate/iodine_null-64-tunnel_99911_doh10_2020-03-20T04:27:21.155673.csv,6,1,1,,,
fresh-31521b131a13854d24cf,development,malicious,,iodine,,CSVs/iodine/Separate/iodine_null-64-tunnel_dnsgoogle_doh2_2020-03-20T05:47:10.287948.csv,8,2,1,1,,
fresh-a9e7fa603a5b9edd8b4e,development,malicious,,iodine,,CSVs/iodine/Separate/iodine_null-64-tunnel_dnsadguardcom_doh5_2020-03-23T00:18:10.194487.csv,9,4,4,,,
fresh-312602c14dcbb507bfdf,development,malicious,,iodine,,CSVs/iodine/Separate/iodine_null-64-tunnel_99911_doh7_2020-03-20T05:58:36.739741.csv,6,1,1,,,
fresh-dca70c905db8108abc46,development,malicious,,iodine,,CSVs/iodine/Separate/iodine_null-64-tunnel_99911_doh5_2020-03-20T08:15:40.866808.csv,6,1,1,,,
fresh-06f747357ea1848a8107,development,malicious,,iodine,,CSVs/iodine/Separate/iodine_null-64-tunnel_99911_doh6_2020-03-20T10:56:33.294039.csv,6,1,1,,,
fresh-bce1743de151ebd5a8d7,development,malicious,,iodine,,CSVs/iodine/Separate/iodine_null-64-tunnel_dnsgoogle_doh8_2020-03-20T09:36:16.220073.csv,7,1,1,,,
fresh-16179da9f23896dc2313,development,malicious,,iodine,,CSVs/iodine/Separate/iodine_null-64-tunnel_dnsadguardcom_doh5_2020-03-22T21:32:24.745638.csv,7,1,1,,,
fresh-7d1fc583331048b50f25,development,malicious,,iodine,,CSVs/iodine/Separate/iodine_null-64-tunnel_99911_doh6_2020-03-20T09:47:41.259746.csv,6,1,1,,,
fresh-2c4318a50d2a27cbca13,development,malicious,,iodine,,CSVs/iodine/Separate/iodine_null-64-tunnel_dnsadguardcom_doh7_2020-03-23T00:18:11.915453.csv,6,1,1,,,
fresh-f9bfd93afd3cd90789fb,development,malicious,,iodine,,CSVs/iodine/Separate/iodine_null-64-tunnel_dnsadguardcom_doh3_2020-03-23T03:31:42.212261.csv,7,1,1,,,
fresh-b8508ad9d7e17a128892,development,malicious,,iodine,,CSVs/iodine/Separate/iodine_null-64-tunnel_dnsadguardcom_doh1_2020-03-22T23:22:46.950678.csv,26,14,14,,,
fresh-6f40cf919ac332fdaa06,development,malicious,,iodine,,CSVs/iodine/Separate/iodine_null-64-tunnel_99911_doh1_2020-03-20T04:27:11.312045.csv,11,11,11,,,
fresh-1166ba6fece466bbb354,development,malicious,,iodine,,CSVs/iodine/Separate/iodine_null-64-tunnel_dnsadguardcom_doh3_2020-03-22T19:42:09.009360.csv,7,1,1,,,
fresh-bb45d871c8ac682e9c0d,development,malicious,,iodine,,CSVs/iodine/Separate/iodine_null-64-tunnel_dnsadguardcom_doh8_2020-03-22T20:37:17.761602.csv,6,1,1,,,
fresh-c3516465ab6ea296f63a,development,malicious,,iodine,,CSVs/iodine/Separate/iodine_null-64-tunnel_99911_doh5_2020-03-20T10:10:45.500089.csv,6,1,1,,,
fresh-c22551501689647817e9,development,malicious,,iodine,,CSVs/iodine/Separate/iodine_null-64-tunnel_dnsadguardcom_doh2_2020-03-22T19:42:08.432132.csv,8,2,2,,,
fresh-2c35784e19416e582c84,development,malicious,,iodine,,CSVs/iodine/Separate/iodine_null-64-tunnel_dnsadguardcom_doh5_2020-03-22T21:04:49.958007.csv,7,2,2,,,
fresh-4197abe6f27b165e943e,development,malicious,,iodine,,CSVs/iodine/Separate/iodine_null-64-tunnel_99911_doh4_2020-03-20T06:44:16.144384.csv,6,1,1,,,
fresh-86dbeac19cfb2d688e6d,development,malicious,,iodine,,CSVs/iodine/Separate/iodine_null-64-tunnel_99911_doh4_2020-03-20T06:21:27.631796.csv,6,1,1,,,
fresh-2dcf268255ea5248b005,development,malicious,,iodine,,CSVs/iodine/Separate/iodine_null-64-tunnel_99911_doh1_2020-03-20T07:06:58.301554.csv,11,11,11,,,
fresh-46337a6c65a00cff23a3,development,malicious,,iodine,,CSVs/iodine/Separate/iodine_null-64-tunnel_dnsgoogle_doh6_2020-03-20T07:41:16.928372.csv,7,1,1,,,
fresh-4a46e8a12c9e8cb06923,development,malicious,,iodine,,CSVs/iodine/Separate/iodine_null-64-tunnel_99911_doh2_2020-03-20T10:33:38.689752.csv,6,1,1,,,
fresh-bad57bdd4ac5583f3162,development,malicious,,iodine,,CSVs/iodine/Separate/iodine_null-64-tunnel_99911_doh9_2020-03-20T10:56:36.465294.csv,6,1,1,,,
fresh-a72fa21d632eb5387bd7,development,malicious,,iodine,,CSVs/iodine/Separate/iodine_null-64-tunnel_99911_doh3_2020-03-20T05:12:51.166421.csv,6,1,1,,,
fresh-db806fdae7dc99bfb279,development,malicious,,iodine,,CSVs/iodine/Separate/iodine_null-64-tunnel_dnsgoogle_doh7_2020-03-20T11:08:00.453571.csv,7,1,1,,,
fresh-efc6ae1836780de8ce58,development,malicious,,iodine,,CSVs/iodine/Separate/iodine_null-64-tunnel_dnsadguardcom_doh9_2020-03-22T22:00:07.909946.csv,6,1,1,,,
fresh-c8e77cecb6af4495a8b8,development,malicious,,iodine,,CSVs/iodine/Separate/iodine_null-64-tunnel_99911_doh1_2020-03-20T11:19:14.854707.csv,11,11,11,,,
fresh-772b1de380410190ea5c,development,malicious,,iodine,,CSVs/iodine/Separate/iodine_null-64-tunnel_dnsadguardcom_doh7_2020-03-22T21:04:51.052519.csv,6,1,1,,,
fresh-5a3d5fa52c9f3faea429,development,malicious,,iodine,,CSVs/iodine/Separate/iodine_null-64-tunnel_dnsadguardcom_doh6_2020-03-22T22:00:06.304774.csv,8,3,3,,,
fresh-f39ba4551931aa700e79,development,malicious,,iodine,,CSVs/iodine/Separate/iodine_null-64-tunnel_99911_doh8_2020-03-20T09:47:43.659952.csv,6,1,1,,,
fresh-6778a7c82ea8482aaf6f,development,malicious,,iodine,,CSVs/iodine/Separate/iodine_null-64-tunnel_1111_doh9_2020-03-23T01:55:08.031636.csv,6,1,1,,,
fresh-037dc4496979c25683c3,development,malicious,,iodine,,CSVs/iodine/Separate/iodine_null-64-tunnel_dnsgoogle_doh6_2020-03-20T05:01:31.710915.csv,7,1,1,,,
fresh-96dcbc4d3339dda5ccd5,development,malicious,,iodine,,CSVs/iodine/Separate/iodine_null-64-tunnel_dnsgoogle_doh7_2020-03-20T05:01:32.770573.csv,7,1,1,,,
fresh-14b71075e9e9622a3748,development,malicious,,iodine,,CSVs/iodine/Separate/iodine_null-64-tunnel_dnsadguardcom_doh3_2020-03-22T22:27:39.708150.csv,8,2,2,,,
fresh-b30c13fbe20dc98ee64f,development,malicious,,iodine,,CSVs/iodine/Separate/iodine_null-64-tunnel_99911_doh1_2020-03-20T09:24:32.845953.csv,11,11,11,,,
fresh-c0465866888644fc914e,development,malicious,,iodine,,CSVs/iodine/Separate/iodine_null-64-tunnel_dnsgoogle_doh7_2020-03-20T08:04:15.432680.csv,7,1,1,,,
fresh-330349e6c7922426113c,development,malicious,,iodine,,CSVs/iodine/Separate/iodine_null-64-tunnel_dnsgoogle_doh4_2020-03-20T07:18:25.376724.csv,7,1,1,,,
fresh-da6564c0cf62c668d254,development,malicious,,iodine,,CSVs/iodine/Separate/iodine_null-64-tunnel_dnsadguardcom_doh5_2020-03-22T22:55:14.309011.csv,7,1,1,,,
fresh-a998b85400c1c55af451,development,malicious,,iodine,,CSVs/iodine/Separate/iodine_null-64-tunnel_dnsadguardcom_doh4_2020-03-23T00:45:53.215383.csv,7,2,2,,,
fresh-ec4942aa1bf2ab9f94d9,development,malicious,,iodine,,CSVs/iodine/Separate/iodine_null-64-tunnel_dnsgoogle_doh3_2020-03-20T11:07:55.069573.csv,7,1,1,,,
fresh-3035561761aa709a19f8,development,malicious,,iodine,,CSVs/iodine/Separate/iodine_null-64-tunnel_99911_doh10_2020-03-20T08:38:35.336563.csv,6,1,1,,,
fresh-39329baaa0af84bde300,development,malicious,,iodine,,CSVs/iodine/Separate/iodine_null-64-tunnel_dnsgoogle_doh5_2020-03-20T04:38:43.536463.csv,7,1,1,,,
fresh-4374d5cb3da56a607bd9,development,malicious,,iodine,,CSVs/iodine/Separate/iodine_null-64-tunnel_dnsadguardcom_doh8_2020-03-23T00:45:57.499012.csv,6,1,1,,,
fresh-f3a961d9aa16138cb4ba,development,malicious,,iodine,,CSVs/iodine/Separate/iodine_null-64-tunnel_dnsadguardcom_doh4_2020-03-23T01:13:39.000491.csv,7,1,1,,,
fresh-ee939aaf6e94baff1718,development,malicious,,iodine,,CSVs/iodine/Separate/iodine_null-64-tunnel_dnsadguardcom_doh10_2020-03-23T01:13:43.635887.csv,2,1,1,,,
fresh-98ec3f17beff0c0a20d2,development,malicious,,iodine,,CSVs/iodine/Separate/iodine_null-64-tunnel_1111_doh9_2020-03-23T00:59:47.312224.csv,6,1,1,,,
fresh-c260b7b81ebe80b116ad,development,malicious,,iodine,,CSVs/iodine/Separate/iodine_null-64-tunnel_99911_doh6_2020-03-20T06:44:17.891866.csv,6,1,1,,,
fresh-c2f1f7e41f908d98528d,development,malicious,,iodine,,CSVs/iodine/Separate/iodine_null-64-tunnel_99911_doh8_2020-03-20T05:12:55.645326.csv,6,1,1,,,
fresh-7250cbad69ce796f0dbc,development,malicious,,iodine,,CSVs/iodine/Separate/iodine_null-64-tunnel_99911_doh8_2020-03-20T10:10:49.350166.csv,6,1,1,,,
fresh-c83c42880af2703a82a0,development,malicious,,iodine,,CSVs/iodine/Separate/iodine_null-64-tunnel_99911_doh1_2020-03-20T09:47:32.710888.csv,11,11,11,,,
fresh-932d49590fb292fc200e,development,malicious,,iodine,,CSVs/iodine/Separate/iodine_null-64-tunnel_99911_doh3_2020-03-20T05:58:33.530097.csv,6,1,1,,,
fresh-3d726263dec53c97d6a5,development,malicious,,iodine,,CSVs/iodine/Separate/iodine_null-64-tunnel_dnsadguardcom_doh5_2020-03-23T02:36:30.092706.csv,7,1,1,,,
fresh-4afd4f28d4dea245548e,development,malicious,,iodine,,CSVs/iodine/Separate/iodine_null-64-tunnel_dnsgoogle_doh3_2020-03-20T06:09:59.425470.csv,7,1,1,,,
fresh-f8a5b3755990678b41e8,development,malicious,,iodine,,CSVs/iodine/Separate/iodine_null-64-tunnel_99911_doh3_2020-03-20T07:07:01.711658.csv,6,1,1,,,
fresh-9573605dd6e312ffb247,development,malicious,,iodine,,CSVs/iodine/Separate/iodine_null-64-tunnel_dnsadguardcom_doh1_2020-03-22T22:27:38.607978.csv,26,14,14,,,
fresh-97a0b0dc5896f11c7143,development,malicious,,iodine,,CSVs/iodine/Separate/iodine_null-64-tunnel_dnsgoogle_doh1_2020-03-20T05:24:15.515828.csv,27,11,11,,,
fresh-75e7618a9483adb10374,development,malicious,,iodine,,CSVs/iodine/Separate/iodine_null-64-tunnel_99911_doh6_2020-03-20T10:33:43.555490.csv,6,1,1,,,
fresh-f6a7bba2e32ef9ba3d0b,development,malicious,,iodine,,CSVs/iodine/Separate/iodine_null-64-tunnel_dnsgoogle_doh6_2020-03-20T09:36:12.087952.csv,7,1,1,,,
fresh-86a9e64a3c0feb12de6b,development,malicious,,iodine,,CSVs/iodine/Separate/iodine_null-64-tunnel_dnsgoogle_doh1_2020-03-20T05:01:25.913761.csv,27,11,11,,,
fresh-141953e17c4c55b6f9af,development,malicious,,iodine,,CSVs/iodine/Separate/iodine_null-64-tunnel_dnsadguardcom_doh4_2020-03-23T01:41:19.461383.csv,7,1,1,,,
fresh-e4e8b56db6429684b28a,development,malicious,,iodine,,CSVs/iodine/Separate/iodine_null-64-tunnel_dnsadguardcom_doh5_2020-03-22T23:50:28.052777.csv,7,1,1,,,
fresh-500d094cd8672843de11,development,malicious,,iodine,,CSVs/iodine/Separate/iodine_null-64-tunnel_99911_doh8_2020-03-20T05:58:37.974793.csv,6,1,1,,,
fresh-4184680c93f0887f4ab8,development,malicious,,iodine,,CSVs/iodine/Separate/iodine_null-64-tunnel_dnsadguardcom_doh1_2020-03-23T03:31:40.863819.csv,27,14,14,,,
fresh-04e9a6dfdf103fb7de19,development,malicious,,iodine,,CSVs/iodine/Separate/iodine_null-64-tunnel_dnsadguardcom_doh6_2020-03-23T00:18:11.222140.csv,7,2,2,,,
fresh-c92e2c5fa3aa1d036791,development,malicious,,iodine,,CSVs/iodine/Separate/iodine_null-64-tunnel_99911_doh9_2020-03-20T04:50:10.802842.csv,6,1,1,,,
fresh-403707ebf4d04dc7d2a9,development,malicious,,iodine,,CSVs/iodine/Separate/iodine_null-64-tunnel_dnsadguardcom_doh3_2020-03-22T22:55:13.114298.csv,7,2,2,,,
fresh-24a8a49e07f77c4ab519,development,malicious,,iodine,,CSVs/iodine/Separate/iodine_null-64-tunnel_dnsgoogle_doh2_2020-03-20T04:38:39.167819.csv,7,1,1,,,
fresh-afba3ee428ed26c1d012,development,malicious,,iodine,,CSVs/iodine/Separate/iodine_null-64-tunnel_dnsadguardcom_doh1_2020-03-23T00:18:06.407357.csv,26,14,14,,,
fresh-4e3ea4b88c77bbe2ab4b,development,malicious,,iodine,,CSVs/iodine/Separate/iodine_null-64-tunnel_1111_doh10_2020-03-23T00:59:48.164423.csv,6,1,1,,,
fresh-2debc15caec9ebed66ee,development,malicious,,iodine,,CSVs/iodine/Separate/iodine_null-64-tunnel_dnsadguardcom_doh9_2020-03-22T20:09:45.328657.csv,6,1,1,,,
fresh-a0810e08c9100f16b2c4,development,malicious,,iodine,,CSVs/iodine/Separate/iodine_null-64-tunnel_dnsgoogle_doh8_2020-03-20T08:04:17.448660.csv,7,1,1,,,
fresh-f61fa1a7a6f9f0b32363,development,malicious,,iodine,,CSVs/iodine/Separate/iodine_null-64-tunnel_dnsadguardcom_doh2_2020-03-22T21:32:22.874956.csv,9,3,3,,,
fresh-4db1ed4e2431e425076c,development,malicious,,iodine,,CSVs/iodine/Separate/iodine_null-64-tunnel_99911_doh2_2020-03-20T07:29:45.249466.csv,6,1,1,,,
