accuracy,configuration,coverage,dataset,ece,macro_f1,malicious_recall,model,protocol,selective_error,test_count,train_count,weighted_f1,worst_group_macro_f1
0.9991319444444444,all_numeric_features,1.0,USTC-TFC2016,0.0006778828304003172,0.9991068763543189,0.9979166666666667,HGB,random_stratified_70_30,0.0008680555555555802,1152,2688,0.999131814557967,not_available
0.9991319444444444,all_numeric_features,1.0,USTC-TFC2016,0.007297092013888914,0.9991068763543189,0.9979166666666667,RandomForest,random_stratified_70_30,0.0008680555555555802,1152,2688,0.999131814557967,not_available
0.9991319444444444,all_numeric_features,1.0,USTC-TFC2016,0.008300781249999983,0.9991068763543189,0.9979166666666667,ExtraTrees,random_stratified_70_30,0.0008680555555555802,1152,2688,0.999131814557967,not_available
0.8880208333333334,all_numeric_features,1.0,USTC-TFC2016,0.088896617981057,0.8868936941681844,0.9458333333333333,LogisticSGD,random_stratified_70_30,0.11197916666666663,1152,2688,0.8887755265134766,not_available
0.9956597222222222,safe_common_only,1.0,USTC-TFC2016,0.004585764776886126,0.9955289743420568,0.9895833333333334,HGB,random_stratified_70_30,0.00434027777777779,1152,2688,0.9956564037481063,not_available
0.9965277777777778,safe_common_only,1.0,USTC-TFC2016,0.010698784722222214,0.9964242702655725,0.9916666666666667,RandomForest,random_stratified_70_30,0.00347222222222221,1152,2688,0.9965256653795697,not_available
0.9930555555555556,safe_common_only,1.0,USTC-TFC2016,0.010791015624999963,0.9928485405311449,0.9875,ExtraTrees,random_stratified_70_30,0.00694444444444442,1152,2688,0.9930513307591391,not_available
0.8064236111111112,safe_common_only,1.0,USTC-TFC2016,0.08770841463817802,0.7868618928186523,0.6041666666666666,LogisticSGD,random_stratified_70_30,0.19357638888888884,1152,2688,0.797623640417942,not_available
0.9991319444444444,safe_common_plus_safe_conditional,1.0,USTC-TFC2016,0.0006439167808244865,0.9991068763543189,0.9979166666666667,HGB,random_stratified_70_30,0.0008680555555555802,1152,2688,0.999131814557967,not_available
0.9991319444444444,safe_common_plus_safe_conditional,1.0,USTC-TFC2016,0.006868489583333374,0.9991068763543189,0.9979166666666667,RandomForest,random_stratified_70_30,0.0008680555555555802,1152,2688,0.999131814557967,not_available
0.9991319444444444,safe_common_plus_safe_conditional,1.0,USTC-TFC2016,0.006065538194444406,0.9991068763543189,0.9979166666666667,ExtraTrees,random_stratified_70_30,0.0008680555555555802,1152,2688,0.999131814557967,not_available
0.7708333333333334,safe_common_plus_safe_conditional,1.0,USTC-TFC2016,0.10453946674428093,0.7705283172619857,0.96875,LogisticSGD,random_stratified_70_30,0.22916666666666663,1152,2688,0.7691339580786818,not_available
0.9947916666666666,safe_common_plus_dataset_specific,1.0,USTC-TFC2016,0.005102713605474611,0.9946331236897274,0.9875,HGB,random_stratified_70_30,0.00520833333333337,1152,2688,0.994786862334032,not_available
0.9956597222222222,safe_common_plus_dataset_specific,1.0,USTC-TFC2016,0.00798611111111109,0.9955289743420568,0.9895833333333334,RandomForest,random_stratified_70_30,0.00434027777777779,1152,2688,0.9956564037481063,not_available
0.9930555555555556,safe_common_plus_dataset_specific,1.0,USTC-TFC2016,0.009027777777777728,0.9928485405311449,0.9875,ExtraTrees,random_stratified_70_30,0.00694444444444442,1152,2688,0.9930513307591391,not_available
0.8541666666666666,safe_common_plus_dataset_specific,1.0,USTC-TFC2016,0.07057024833535164,0.8521054433413214,0.8833333333333333,LogisticSGD,random_stratified_70_30,0.14583333333333337,1152,2688,0.8550154056829853,not_available
0.9784722222222222,all_numeric_features,1.0,NF-IoT,0.009187072523466046,0.9784692214530285,0.9666666666666667,HGB,random_stratified_70_30,0.021527777777777812,1440,3360,0.9784692214530284,not_available
0.9791666666666666,all_numeric_features,1.0,NF-IoT,0.012122603610770203,0.9791640943326336,0.9680555555555556,RandomForest,random_stratified_70_30,0.02083333333333337,1440,3360,0.9791640943326336,not_available
0.9819444444444444,all_numeric_features,1.0,NF-IoT,0.007714570996818892,0.9819427376430256,0.9722222222222222,ExtraTrees,random_stratified_70_30,0.018055555555555602,1440,3360,0.9819427376430256,not_available
0.5847222222222223,all_numeric_features,1.0,NF-IoT,0.0627609055332712,0.5075656201749872,0.9805555555555555,LogisticSGD,random_stratified_70_30,0.41527777777777775,1440,3360,0.5075656201749872,not_available
0.9805555555555555,safe_common_only,1.0,NF-IoT,0.006950998584115774,0.9805525168863191,0.9680555555555556,HGB,random_stratified_70_30,0.019444444444444486,1440,3360,0.9805525168863191,not_available
0.9777777777777777,safe_common_only,1.0,NF-IoT,0.007058345462239322,0.977774305012936,0.9652777777777778,RandomForest,random_stratified_70_30,0.022222222222222254,1440,3360,0.977774305012936,not_available
0.9826388888888888,safe_common_only,1.0,NF-IoT,0.007941578858655344,0.9826370048833424,0.9722222222222222,ExtraTrees,random_stratified_70_30,0.01736111111111116,1440,3360,0.9826370048833424,not_available
0.5847222222222223,safe_common_only,1.0,NF-IoT,0.06295148971537912,0.5075656201749872,0.9805555555555555,LogisticSGD,random_stratified_70_30,0.41527777777777775,1440,3360,0.5075656201749872,not_available
0.9805555555555555,safe_common_plus_safe_conditional,1.0,NF-IoT,0.006950998584115774,0.9805525168863191,0.9680555555555556,HGB,random_stratified_70_30,0.019444444444444486,1440,3360,0.9805525168863191,not_available
0.9777777777777777,safe_common_plus_safe_conditional,1.0,NF-IoT,0.007058345462239324,0.977774305012936,0.9652777777777778,RandomForest,random_stratified_70_30,0.022222222222222254,1440,3360,0.977774305012936,not_available
0.9826388888888888,safe_common_plus_safe_conditional,1.0,NF-IoT,0.007941578858655344,0.9826370048833424,0.9722222222222222,ExtraTrees,random_stratified_70_30,0.01736111111111116,1440,3360,0.9826370048833424,not_available
0.5847222222222223,safe_common_plus_safe_conditional,1.0,NF-IoT,0.06295148971537912,0.5075656201749872,0.9805555555555555,LogisticSGD,random_stratified_70_30,0.41527777777777775,1440,3360,0.5075656201749872,not_available
0.9826388888888888,safe_common_plus_dataset_specific,1.0,NF-IoT,0.009043320917308726,0.9826370048833424,0.9722222222222222,HGB,random_stratified_70_30,0.01736111111111116,1440,3360,0.9826370048833424,not_available
0.9791666666666666,safe_common_plus_dataset_specific,1.0,NF-IoT,0.008752401724507298,0.9791626471155701,0.9652777777777778,RandomForest,random_stratified_70_30,0.02083333333333337,1440,3360,0.9791626471155701,not_available
0.9805555555555555,safe_common_plus_dataset_specific,1.0,NF-IoT,0.0061386101353237445,0.9805537174617199,0.9708333333333333,ExtraTrees,random_stratified_70_30,0.019444444444444486,1440,3360,0.98055371746172,not_available
0.625,safe_common_plus_dataset_specific,1.0,NF-IoT,0.06978250070691362,0.6198254012954098,0.7416666666666667,LogisticSGD,random_stratified_70_30,0.375,1440,3360,0.6198254012954098,not_available
0.9722222222222222,all_numeric_features,1.0,CICIDS2017,0.021072042255856176,0.972169193632362,0.9915254237288136,HGB,random_stratified_70_30,0.02777777777777779,252,587,0.9722463261267041,not_available
0.9682539682539683,all_numeric_features,1.0,CICIDS2017,0.03645833333333336,0.9681556833259619,0.9745762711864406,RandomForest,random_stratified_70_30,0.031746031746031744,252,587,0.9682680089579693,not_available
0.9801587301587301,all_numeric_features,1.0,CICIDS2017,0.027455357142857097,0.9800881809130991,0.9830508474576272,ExtraTrees,random_stratified_70_30,0.019841269841269882,252,587,0.9801634334417723,not_available
0.8611111111111112,all_numeric_features,1.0,CICIDS2017,0.11609580100129349,0.8610564123568425,0.8983050847457628,LogisticSGD,random_stratified_70_30,0.13888888888888884,252,587,0.8612314483705023,not_available
0.9682539682539683,safe_common_only,1.0,CICIDS2017,0.03282356098314091,0.9681254743232988,0.9661016949152542,HGB,random_stratified_70_30,0.031746031746031744,252,587,0.9682539682539683,not_available
0.9682539682539683,safe_common_only,1.0,CICIDS2017,0.05441468253968253,0.9680911680911681,0.9576271186440678,RandomForest,random_stratified_70_30,0.031746031746031744,252,587,0.9682358793469905,not_available
0.9722222222222222,safe_common_only,1.0,CICIDS2017,0.020436507936507923,0.9720634116212407,0.9576271186440678,ExtraTrees,random_stratified_70_30,0.02777777777777779,252,587,0.9721971468641726,not_available
0.753968253968254,safe_common_only,1.0,CICIDS2017,0.1273467691795378,0.75390625,0.788135593220339,LogisticSGD,random_stratified_70_30,0.24603174603174605,252,587,0.7541542658730159,not_available
0.9722222222222222,safe_common_plus_safe_conditional,1.0,CICIDS2017,0.021072042255856176,0.972169193632362,0.9915254237288136,HGB,random_stratified_70_30,0.02777777777777779,252,587,0.9722463261267041,not_available
0.9682539682539683,safe_common_plus_safe_conditional,1.0,CICIDS2017,0.04352678571428566,0.9681556833259619,0.9745762711864406,RandomForest,random_stratified_70_30,0.031746031746031744,252,587,0.9682680089579693,not_available
0.9880952380952381,safe_common_plus_safe_conditional,1.0,CICIDS2017,0.02812500000000001,0.9880408130981571,0.9830508474576272,ExtraTrees,random_stratified_70_30,0.011904761904761862,252,587,0.9880920366248216,not_available
0.8412698412698413,safe_common_plus_safe_conditional,1.0,CICIDS2017,0.10520570033442511,0.8411798071469087,0.8728813559322034,LogisticSGD,random_stratified_70_30,0.15873015873015872,252,587,0.8414198981413956,not_available
0.9682539682539683,safe_common_plus_dataset_specific,1.0,CICIDS2017,0.023884978711978234,0.9681254743232988,0.9661016949152542,HGB,random_stratified_70_30,0.031746031746031744,252,587,0.9682539682539683,not_available
0.9682539682539683,safe_common_plus_dataset_specific,1.0,CICIDS2017,0.03112599206349213,0.9680911680911681,0.9576271186440678,RandomForest,random_stratified_70_30,0.031746031746031744,252,587,0.9682358793469905,not_available
0.9761904761904762,safe_common_plus_dataset_specific,1.0,CICIDS2017,0.01944444444444447,0.976068376068376,0.9661016949152542,ExtraTrees,random_stratified_70_30,0.023809523809523836,252,587,0.9761769095102428,not_available
0.6428571428571429,safe_common_plus_dataset_specific,1.0,CICIDS2017,0.2538791941521432,0.6111111111111112,0.9915254237288136,LogisticSGD,random_stratified_70_30,0.3571428571428571,252,587,0.6040564373897708,not_available
0.9962962962962963,all_numeric_features,1.0,HIKARI-2021,0.0037945791657443308,0.9962962835949369,0.9981481481481481,HGB,random_stratified_70_30,0.0037037037037036535,1080,2520,0.9962962835949369,not_available
0.9972222222222222,all_numeric_features,1.0,HIKARI-2021,0.007916666666666624,0.9972222198407235,0.9981481481481481,RandomForest,random_stratified_70_30,0.002777777777777768,1080,2520,0.9972222198407233,not_available
0.9972222222222222,all_numeric_features,1.0,HIKARI-2021,0.01122685185185196,0.9972222198407235,0.9981481481481481,ExtraTrees,random_stratified_70_30,0.002777777777777768,1080,2520,0.9972222198407233,not_available
0.962037037037037,all_numeric_features,1.0,HIKARI-2021,0.022271404330839812,0.961997124895402,0.9944444444444445,LogisticSGD,random_stratified_70_30,0.037962962962962976,1080,2520,0.961997124895402,not_available
0.9916666666666667,safe_common_only,1.0,HIKARI-2021,0.007402119370832404,0.9916664880505841,0.9962962962962963,HGB,random_stratified_70_30,0.008333333333333304,1080,2520,0.9916664880505841,not_available
0.9953703703703703,safe_common_only,1.0,HIKARI-2021,0.005208333333333295,0.9953703346476439,0.9981481481481481,RandomForest,random_stratified_70_30,0.00462962962962965,1080,2520,0.9953703346476438,not_available
0.9953703703703703,safe_common_only,1.0,HIKARI-2021,0.011608796296296296,0.9953703664012057,0.9962962962962963,ExtraTrees,random_stratified_70_30,0.00462962962962965,1080,2520,0.9953703664012058,not_available
0.9481481481481482,safe_common_only,1.0,HIKARI-2021,0.17200816941135422,0.9480904708935854,0.9814814814814815,LogisticSGD,random_stratified_70_30,0.051851851851851816,1080,2520,0.9480904708935854,not_available
0.9916666666666667,safe_common_plus_safe_conditional,1.0,HIKARI-2021,0.007402119370832404,0.9916664880505841,0.9962962962962963,HGB,random_stratified_70_30,0.008333333333333304,1080,2520,0.9916664880505841,not_available
0.9953703703703703,safe_common_plus_safe_conditional,1.0,HIKARI-2021,0.005208333333333295,0.9953703346476439,0.9981481481481481,RandomForest,random_stratified_70_30,0.00462962962962965,1080,2520,0.9953703346476438,not_available
0.9953703703703703,safe_common_plus_safe_conditional,1.0,HIKARI-2021,0.011608796296296296,0.9953703664012057,0.9962962962962963,ExtraTrees,random_stratified_70_30,0.00462962962962965,1080,2520,0.9953703664012058,not_available
0.9481481481481482,safe_common_plus_safe_conditional,1.0,HIKARI-2021,0.17200816941135422,0.9480904708935854,0.9814814814814815,LogisticSGD,random_stratified_70_30,0.051851851851851816,1080,2520,0.9480904708935854,not_available
0.9962962962962963,safe_common_plus_dataset_specific,1.0,HIKARI-2021,0.0035548310887621453,0.9962962835949369,0.9981481481481481,HGB,random_stratified_70_30,0.0037037037037036535,1080,2520,0.9962962835949369,not_available
0.9972222222222222,safe_common_plus_dataset_specific,1.0,HIKARI-2021,0.007870370370370373,0.9972222198407235,0.9981481481481481,RandomForest,random_stratified_70_30,0.002777777777777768,1080,2520,0.9972222198407233,not_available
0.9962962962962963,safe_common_plus_dataset_specific,1.0,HIKARI-2021,0.011608796296296317,0.9962962835949369,0.9981481481481481,ExtraTrees,random_stratified_70_30,0.0037037037037036535,1080,2520,0.9962962835949369,not_available
0.9564814814814815,safe_common_plus_dataset_specific,1.0,HIKARI-2021,0.028361875509176133,0.9564057971014492,0.9981481481481481,LogisticSGD,random_stratified_70_30,0.04351851851851851,1080,2520,0.9564057971014491,not_available
1.0,all_numeric_features,1.0,DoHBrw-2020,0.00016185130243631424,1.0,1.0,HGB,random_stratified_70_30,0.0,1500,3500,1.0,not_available
1.0,all_numeric_features,1.0,DoHBrw-2020,0.002595833333333325,1.0,1.0,RandomForest,random_stratified_70_30,0.0,1500,3500,1.0,not_available
1.0,all_numeric_features,1.0,DoHBrw-2020,0.0019541666666667073,1.0,1.0,ExtraTrees,random_stratified_70_30,0.0,1500,3500,1.0,not_available
0.9993333333333333,all_numeric_features,1.0,DoHBrw-2020,0.0002347262775245825,0.9993333330370369,1.0,LogisticSGD,random_stratified_70_30,0.0006666666666667043,1500,3500,0.999333333037037,not_available
0.9893333333333333,safe_common_only,1.0,DoHBrw-2020,0.007229942962833631,0.9893333143703367,0.988,HGB,random_stratified_70_30,0.010666666666666713,1500,3500,0.9893333143703367,not_available
0.9926666666666667,safe_common_only,1.0,DoHBrw-2020,0.006824999999999939,0.992666663407406,0.992,RandomForest,random_stratified_70_30,0.007333333333333303,1500,3500,0.992666663407406,not_available
0.992,safe_common_only,1.0,DoHBrw-2020,0.006316666666666621,0.9919999431107065,0.9893333333333333,ExtraTrees,random_stratified_70_30,0.008000000000000007,1500,3500,0.9919999431107065,not_available
0.9833333333333333,safe_common_only,1.0,DoHBrw-2020,0.03124485401207428,0.9833331481460905,0.9866666666666667,LogisticSGD,random_stratified_70_30,0.01666666666666672,1500,3500,0.9833331481460905,not_available
0.9973333333333333,safe_common_plus_safe_conditional,1.0,DoHBrw-2020,0.0028211766215804337,0.9973333285925842,0.9986666666666667,HGB,random_stratified_70_30,0.002666666666666706,1500,3500,0.9973333285925842,not_available
0.9933333333333333,safe_common_plus_safe_conditional,1.0,DoHBrw-2020,0.004287499999999971,0.9933333214814604,0.9946666666666667,RandomForest,random_stratified_70_30,0.00666666666666671,1500,3500,0.9933333214814605,not_available
0.9933333333333333,safe_common_plus_safe_conditional,1.0,DoHBrw-2020,0.005675000000000011,0.9933333333333333,0.9933333333333333,ExtraTrees,random_stratified_70_30,0.00666666666666671,1500,3500,0.9933333333333333,not_available
0.9833333333333333,safe_common_plus_safe_conditional,1.0,DoHBrw-2020,0.029765792958706287,0.9833327333117325,0.9893333333333333,LogisticSGD,random_stratified_70_30,0.01666666666666672,1500,3500,0.9833327333117325,not_available
0.9986666666666667,safe_common_plus_dataset_specific,1.0,DoHBrw-2020,0.0007821538919626501,0.9986666666666667,0.9986666666666667,HGB,random_stratified_70_30,0.0013333333333332975,1500,3500,0.9986666666666667,not_available
0.9993333333333333,safe_common_plus_dataset_specific,1.0,DoHBrw-2020,0.0014458333333332858,0.9993333330370369,1.0,RandomForest,random_stratified_70_30,0.0006666666666667043,1500,3500,0.999333333037037,not_available
1.0,safe_common_plus_dataset_specific,1.0,DoHBrw-2020,0.0011416666666666016,1.0,1.0,ExtraTrees,random_stratified_70_30,0.0,1500,3500,1.0,not_available
0.9993333333333333,safe_common_plus_dataset_specific,1.0,DoHBrw-2020,0.0020827054008830735,0.9993333330370369,0.9986666666666667,LogisticSGD,random_stratified_70_30,0.0006666666666667043,1500,3500,0.999333333037037,not_available
